Product Description,Material,Grade
CITRIC ACID MONOHYDRATE 8-40 MESH (NOT FOR MEDICINAL USE),Citric Acid,
CITRIC ACID ANHYDROUS (NOT FOR MEDICINAL USE),Citric Acid,
CITRIC ACID ANHYDROUSMEDIUM N1560 (RAW MATERIAL FOR COSMETICUSE),Citric Acid,
(1 FLEXI TANK) ECOROL 24 (LAURYL MYRISTYL ALCOHOL) (AIFTA NO: 0003814/BTM/2021 DT: 01.04.2021),Others,
CITRIC ACID ANHYDROUS 30-100 MESH (NOT FOR MEDICINAL USE),Citric Acid,
CITRIC ACID ANHYDROUS (PURCHASE ORDER NO. IMP/AJ/002/2019 DT. 14.11.2019),Citric Acid,
,,
(1 FLEXI TANK) ECOROL 24 (LAURYL MYRISTYL ALCOHOL) (AIFTA NO: 0004248/BTM/2021 DT: 13.04.2021),Others,
CITRIC ACID ANHYDROUS (PURCHASE ORDER NO. IMP/AJ/002/2019 DT. 14.11.2019),Citric Acid,
CITRIC ACID ANHYDROUS (PURCHASE ORDER NO. IMP/AJ/002/2019 DT. 14.11.2019),Citric Acid,
(1 FLEXI TANK) ECOROL 24 (LAURYL MYRISTYL ALCOHOL) (AIFTA NO: 0004497/BTM/2021 DT: 19.04.2021),Others,
(1 FLEXI TANK) ECOROL 24 (LAURYL MYRISTYL ALCOHOL) (AIFTA NO:0003781/BTM/2021 DT: 31.03.2021),Others,
(1 FLEXI TANK) LAURIC AND MYRISTYL ALCOHOL (C1214FC) (AIFTA NO: 0001142/GRS/2021 DT:04.02.2021),Others,
(1 FLEXI TANK) LAURIC AND MYRISTYL ALCOHOL (C1214FC) (AIFTA NO: 0001151/GRS/2021 DT:04.02.2021),Others,
(1 FLEXI TANK) LAURIC AND MYRISTYL ALCOHOL (C1214FC) (AIFTA NO: 0001152/GRS/2021 DT:04.02.2021),Others,
CITRIC ACID MONOHYDRATE (NOT FOR MEDICINAL USE),Citric Acid,
CITRIC ACID MONOHYDRATE ( NOT FOR MEDICINAL USE),Citric Acid,
CITRIC ACID MONOHYDRATE 8-40 MESH (NOT FOR MEDICINAL USE)(BATCH NO.1MT2011516)(ADC DUAL USE NOC: NOC/SZ/2020/001273),Citric Acid,
CITRIC ACID MONOHYDRATE 8-40 MESH (NOT FOR MEDICINAL USE)(BATCH NO.3MT2011016)(ADC DUAL USE NOC: NOC/SZ/2020/001273),Citric Acid,
CITRIC ACID MONOHYDRATE,Citric Acid,
CITRIC ACID ANHYDROUS 12-40 MESH,Citric Acid,
CITRIC ACID MONOHYDRATE (NOT FOR MEDICINAL USE),Citric Acid,
(1 FLEXI TANK) LAURIC AND MYRISTYL ALCOHOL (C1214FC) (AIFTA NO: 0001487/GRS/2021 DT:16.02.2021),Others,
CITRIC ACID MONOHYDRATE (NOT FOR MEDICAL USE ),Citric Acid,
CITRIC ACID ANHYDROUS (NOT FOR MEDICINALL USE),Citric Acid,
CITRIC ACID ANHYDROUS 30-100 MESH (NOT FOR MEDICINAL USE),Citric Acid,
CITRIC ACID MONOHYDRATE 8-40 MESH (NOT FOR MEDICINAL USE),Citric Acid,
CITRIC ACID MONOHYDRATE (NOT FOR MEDICINAL USE),Citric Acid,
CITRIC ACID MONOHYDRATE (NOT FOR MEDICINAL USE) (1000 BAGS),Citric Acid,
CITRIC ACID MONOHYDRATE (NOT FOR MEDICINAL USE) (2000 BAGS),Citric Acid,
CITRIC ACID MONOHYDRATE (NOT FOR MEDICINAL USE) (2000 BAGS),Citric Acid,
CITRIC ACID MONOHYDRATE (NOT FOR MEDICINAL USE),Citric Acid,
(1 FLEXI TANK) LAURIC AND MYRISTYL ALCOHOL (C1214FC) (AIFTA NO: 0001487/GRS/2021 DT:16.02.2021),Others,
0-1746 UCEOMID CMIPA (COCAMIDE MIPA 100%) (RAW MATERIAL FORCOSMETICS USE),Others,
CITRIC ACID MONOHYDRATE (NOT FOR MEDICINAL USE),Citric Acid,
CITRIC ACID MONOHYDRATE (NOT FOR MEDICINAL USE),Citric Acid,
CITRIC ACID MONOHYDRATE (NOT FOR MEDICINAL USE),Citric Acid,
CITRIC ACID MONOHYDRATE (NOT FOR MEDICINAL USE),Citric Acid,
CITRIC ACID MONOHYDRATE (NOT FOR MEDICINAL USE),Citric Acid,
0-1746 UCEOMID CMIPA (COCAMIDE MIPA 100%) (RAW MATERIAL FORCOSMETICS USE),Others,
10275356 LAURYL ALCOHOL CO-1214 (7 X 20 ISOTANK CONTAINERS) (MALAYSIA- INDIA KN-2021-MICECA-26-000387 DT:8/3/2021),Others,
CITRIC ACID MONOHYDRATE ( MESH 8-16 ) (NOT FOR FOOD AND MEDICINAL USE) ( FOR INDUSTRIAL USE ONLY ) (FOR PAINT INDUSTRIE,Citric Acid,
CITRIC ACID MONOHYDRATE (NOT FOR FOOD & MEDICINAL USE),Citric Acid,
CITRIC ACID MONOHYDRATE (NOT FOR FOOD & MEDICINAL USE),Citric Acid,
CITRIC ACID MONOHYDRATE(AS PER INVOICE NUMBER:HA20MB301-03419NM-1),Citric Acid,
CITRIC ACID MONOHYDRATE(AS PER INVOICE NUMBER:HA20MB301-03419NM-2),Citric Acid,
CITRIC ACID MONOHYDRATE 8-40MESH NOT FOR MEDICINAL USE (INDUSTRIAL APPLICATION ONLY),Citric Acid,
CITRIC ACID MONOHYDRATE ( NOT FOR MEDICINAL USE ),Citric Acid,
10275356 LAURYL ALCOHOL CO-1214 (7 X 20 ISOTANK CONTAINERS)(INDIA -MALAYSIA KN-2021-MICECA-26-000411 DT:15/03/2021),Others,
10275356 LAURYL ALCOHOL CO-1214 (7 X 20 ISOTANK CONTAINERS)(INDIA-MALAYSIA KN-2021-MICECA-26-000408 DT:14/03/2021),Others,
CITRIC ACID MONOHYDRATE (8-40 MESH) (NOT FOR MEDICINAL USE) ZC20PA101-03706NM,Citric Acid,
10275356 LAURYL ALCOHOL CO-1214 (MALAYSIA-INDIA CECA CERT. NO. KN-2021-MICECA-26-000223 DT. 11/02/2021 )(7 X 20 ISOTANK,Others,
CITRIC ACID MONOHYDRATE,Citric Acid,
10275356 LAURYL ALCOHOL CO-1214 (MALAYSIA-INDIA CECA CERT. NO.KN-2021-MICECA-26-000224 DT.11.02.2021) (7 X 20 ISOTANK CO,Others,
CITRIC ACID MONOHYDRATE (NOT FOR MEDICINAL USE),Citric Acid,
10275356 LAURYL ALCOHOL CO-1214 (MALAYSIA-INDIA CECA CERT. NO.KN-2021-MICECA-26-000226 DT.11.02.2021 ) (7 X 20 ISOTANK C,Others,
"Citric acid monohydrate cryst. EMPROVE ESSENTIAL Ph Eur,BP,JP,USP,E 330,FCC 16X25KG (16 PCS) (NOT FOR FOOD PRODUCT)",Citric Acid,
"Citric acid monohydrate cryst. EMPROVE ESSENTIAL Ph Eur,BP,JP,USP,E 330,FCC 1X5KG (1 PCS) (NOT FOR FOOD PRODUCT)",Citric Acid,
"Citric acid monohydrate cryst. EMPROVE ESSENTIAL Ph Eur,BP,JP,USP,E 330,FCC 1X5KG (1 PCS) (NOT FOR FOOD PRODUCT)",Citric Acid,
"Citric acid monohydrate powder EMPROVE ESSENTIAL Ph Eur,BP,JP,USP,E 330,FCC 11X25KG (11 PCS) (NOT FOR FOOD PRODUCT)",Citric Acid,
CITRIC ACID ANHYDROUS POWDER 0432717722,Citric Acid,
CITRIC ACID ANHYDROUS (30-100 MESH) (NOT FOR MEDICINAL USE),Citric Acid,
10275356 LAURYL ALCOHOL CO-1214 (MALAYSIA-INDIA CECA CERT.KN-2021-MICECA-26-000149 DT.28.01.2021) (7 X 20 ISOTANK CONTAI,Others,
11732 CUTINA PES (FATTY ACID ESTERS MIXTURE WITH PENTAERYTHRITOL) (RAW MATERIAL FOR COSMETICS USE),Others,
11732 CUTINA PES (FATTY ACID ESTERS MIXTURE WITH PENTAERYTHRITOL) (RAW MATERIAL FOR COSMETICS USE),Others,
CITRIC ACID ANHYDROUS (NOT FOR MEDICINAL USE INDUSTRIAL APPLICATION ONLY NOT FOR FOOD INDUSTRIES),Citric Acid,
CITRIC ACID MONOHYDRATE (8-40 MESH) (NOT FOR MEDICINAL USE INDUSTRIAL APPLICATION ONLY NOT FOR FOOD INDUSTRIES),Citric Acid,
11732 CUTINA PES (FATTY ACID ESTERS MIXTURE WITH PENTAERYTHRITOL) (RAW MATERIAL FOR COSMETICS USE),Others,
CITRIC ACID MONOHYDRATE (NOT FOR MEDICINAL USE),Citric Acid,
CITRIC ACID MONOHYDRATE (NOT FOR MEDICINAL USE),Citric Acid,
CITRIC ACID MONOHYDRATE (NOT FOR MEDICINAL USE),Citric Acid,
11732 CUTINA PES (FATTY ACID ESTERS MIXTURE WITH PENTAERYTHRITOL) (RAW MATERIAL FOR COSMETICS USE),Others,
11732 CUTINA PES (FATTY ACID ESTERS MIXTURE WITH PENTAERYTHRITOL) (RAW MATERIAL FOR COSMETICS USE),Others,
CITRIC ACID MONOHYDRATE (NOT FOR MEDICINAL USE),Citric Acid,
CITRIC ACID ANHYDROUS (30-100 MESH) (NOT FOR MEDICINAL USE),Citric Acid,
CITRIC ACID MONOHYDRATE (8-40 MESH) (NOT FOR MEDICINAL USE),Citric Acid,
CITRIC ACID MONOHYDRATE (8-40 MESH) (NOT FOR MEDICINAL USE),Citric Acid,
CITRIC ACID MONOHYDRATE (NOT FOR MEDICINAL USE),Citric Acid,
CITRIC ACID MONOHYDRATE (NOT FOR MEDICINAL USE),Citric Acid,
CITRIC ACID ANHYDROUS (NOT FOR MEDICINAL USE,Citric Acid,
CITRIC ACID ANHYDROUS 16-35 MESH,Citric Acid,
CITRIC ACID ANHYDROUS (NOT FOR MEDICIANAL USE,Citric Acid,
CITRIC ACID MONOHYDRATE (NOT FOR MEDICIANAL USE,Citric Acid,
CITRIC ACID MONOHYDRATE,Citric Acid,
CITRIC ACID MONOHYDRATE,Citric Acid,
11732 CUTINA PES (FATTY ACID ESTERS MIXTURE WITH PENTAERYTHRITOL) (RAW MATERIAL FOR COSMETICS USE),Others,
11732 CUTINA PES (FATTY ACID ESTERS MIXTURE WITH PENTAERYTHRITOL) (RAW MATERIAL FOR COSMETICS USE),Others,
CITRIC ACID MONOHYDRATE (NOT FOR MEDICINAL USE),Citric Acid,
14150 LANETTE 22 (BEHENYL ALCOHOL) (RAW MATERIALS FOR COSMETICS USE),Others,
3240-01 ECOROL24 LOT NO: 8-0086-21 (FOC) (5X500GRM),Others,
3420561456 LOXIOL G 53 (SATURATED FATTY ALCOHOL)(COO:KL-2021-MICECA-26-003319),Fatty Alcohol,
6139/A1396 ISALCHEM 145 Y SPEC. 1396 REV.2 IRON DRUM 217 1T(INDUSTRIAL FATTY ALCOHOL) (FOR THE MFG. OF METAL WORKING OI,Fatty Alcohol,
CITRIC ACID MONOHYDRATE 8-40 MESH NOT FOR MEDICINAL USE (INDUSTRIAL APPLICATION ONLY),Citric Acid,
6139/A1396 ISALCHEM 145 Y SPEC. 1396 REV.2 IRON DRUM 217 1T(INDUSTRIAL FATTY ALCOHOL) (FOR THE MFG. OF METAL WORKING OI,Fatty Alcohol,
CITRIC ACID MONOHYDRATE ( NOT FOR MEDICINAL USE),Citric Acid,
ACID OIL,Others,
CITRIC ACID MONOHYDRATE (NOT FOR MEDICAL USE),Citric Acid,
CITRIC ACID MONOHYDRATE (NOT FOR MEDICINAL USE),Citric Acid,
CITRIC ACID MONOHYDRATE (NOT FOR MEDICINAL USE),Citric Acid,
ALCOHOL C 13 OXO(NEO FOR MFG OF INDUSTRIAL FRAGRANCE COMPOUNDING ONLY),Others,
CITRIC ACID MONOHYDRATE 8-40MESH NOT FOR MEDICINAL USE (INDUSTRIAL APPLICATION ONLY),Citric Acid,
C12-C14 FATTY ALCOHOL (FOR CAPTIVE USE IN EPOXY PLANT) (FLEXITANKS),Fatty Alcohol,
CITRIC ACID ANHYDROUS 30-100 MESH NOT FOR MEDICINAL USE,Citric Acid,
CITRIC ACID ANHYDROUS (30-100 MESH)(NOT INTENDED FOR FOOD &MEDICINAL USE),Citric Acid,
CITRIC ACID ANHYDRATE NOT FOR MEDICINAL USE,Citric Acid,
CITRIC ACID ANHYDROUS (30-100 MESH)(NOT INTENDED FOR FOOD &MEDICINAL USE),Citric Acid,
CITRIC ACID ANHYDRATE NOT FOR MEDICINAL USE,Citric Acid,
CITRIC ACID MONOHYDRATE 8-40 MESH NOT FOR MEDICINAL USE,Citric Acid,
CITRIC ACID ANHYDROUS 30-100 MESH [NOT FOR MEDICINAL USE],Citric Acid,
C12-C14 FATTY ALCOHOL (FOR CAPTIVE USE IN EPOXY PLANT) (FLEXITANKS),Fatty Alcohol,
C12-C14 FATTY ALCOHOL FOR CAPTIVE USE IN EPOXY PLANT (FLEXITANKS),Fatty Alcohol,
C12-C14 FATTY ALCOHOL FOR CAPTIVE USE IN EPOXY PLANT (FLEXITANKS),Fatty Alcohol,
CITRIC ACID ANHYDROUS (NOT FOR MEDICINAL USE),Citric Acid,
CITRIC ACID ANHYDROUS 30-100 MESH,Citric Acid,
CITRIC ACID ANHYDROUS (NOT FOR MEDICINAL USE),Citric Acid,
CITRIC ACID ANHYDROUS (NOT FOR MEDICINAL USE),Citric Acid,
CITRIC ACID MONOHYDRATE (NOT FOR MEDICINAL USE),Citric Acid,
CITRIC ACID MONOHYDRATE 8-40 MESH(NOT FOR MEDICINAL USE),Citric Acid,
CETOSTEARYL ALCOHOL TA-1618,Others,
CITRIC ACID MONOHYDRATE (NOT FOR MEDICIANL USE),Citric Acid,
CITRIC ACID MONOHYDRATE (NOT FOR MEDICINAL USE),Citric Acid,
CITRIC ACID ANHYDROUS (NOT FOR MEDICINAL USE),Citric Acid,
CITRIC ACID MONOHYDRATE (NOT FOR MEDICINAL USE),Citric Acid,
CITRIC ACID MONOHYDRATE (NOT FOR MEDICINAL USE),Citric Acid,
CITRIC ACID MONOHYDRATE (NOT FOR MEDICINAL USE),Citric Acid,
CITRIC ACID MONOHYDRATE (NOT FOR MEDICINAL USE),Citric Acid,
CITRIC ACID MONOHYDRATE (NOT FOR MEDICINAL USE),Citric Acid,
CITRIC ACID MONOHYDRATE (NOT FOR MEDICINAL USE),Citric Acid,
CITRIC ACID MONOHYDRATE (NOT FOR MEDICINAL USE),Citric Acid,
CITRIC ACID MONOHYDRATE (NOT FOR MEDICINAL USE),Citric Acid,
CITRIC ACID MONOHYDRATE (NOT FOR MEDICINAL USE),Citric Acid,
CITRIC ACID MONOHYDRATE (NOT FOR MEDICINAL USE),Citric Acid,
CITRIC ACID MONOHYDRATE (NOT FOR MEDICINAL USE),Citric Acid,
CETYL STEARYL ALCOHOL TA-1618,Others,
CRODACOL CS50 NF-PA-(MH,Others,
CRODACOL CS50-PA-(RB) (CETEARYL ALCOHOL),Others,
CRODACOL CS50-PA-RB (CETEARYL ALCOHOL),Others,
CRODACOL CS50-PA-RB (CETEARYL ALCOHOL)(SAMPLE)(N.C.V),Others,
CRODACOL CS50-PA-RB (CETEARYL ALCOHOL)(SAMPLE)(N.C.V),Others,
ECOROL 24 ( LAURYL MYRISTYL ALCOHOL),Others,
ECOROL 24 ( LAURYL MYRISTYL ALCOHOL) ( FLEXI TANK),Others,
CITRIC ACID MONOHYDRATE (8-40 MESH) (FOOD GRADE ) (NOT FORMEDICINAL USE),Citric Acid,
ECOROL 24 (LAURYL MYRISTYL ALCHOHOL) (CO NO- 0001217/BTM/2021) (FLEXI BAG,Others,
CITRIC ACID MONOHYDRATE 8-40 MESH (NOT FOR MEDICINAL USE),Citric Acid,
CITRIC ACID MONOHYDRATE (NOT FOR MEDICINAL USE),Citric Acid,
CITRIC ACID ANHYDROUS 30-100 MESH,Citric Acid,
ECOROL 24 (LAURYL MYRISTYL ALCHOHOL) (CO NO- 0003482/BTM/2021) (ONE FLEXI BAG,Others,
ECOROL 24 (LAURYL MYRISTYL ALCHOHOL) (CO NO- 0004187/BTM/2021) (ONE FLEXI BAG,Others,
ECOROL 24 (LAURYL MYRISTYL ALCOHOL (ASEAN-INDIA FTA NO 0000451/BTM/2021 DT 13.01.2021) (5 X 20' FLEXI CONTAINER),Others,
ECOROL 24 (LAURYL MYRISTYL ALCOHOL),Others,
ECOROL 24 (LAURYL MYRISTYL ALCOHOL),Others,
ECOROL 24 (LAURYL MYRISTYL ALCOHOL),Others,
ECOROL 24 (LAURYL MYRISTYL ALCOHOL),Others,
ECOROL 24 (LAURYL MYRISTYL ALCOHOL) ( AIFTA CERT NO -0015990/BTM/2020 DTD 23.12.2020),Others,
ECOROL 24 (LAURYL MYRISTYL ALCOHOL) 2 X 20 FLEXITANK.,Others,
CITRIC ACID MONOHYDRATE (NOT FOR MEDICINAL USE),Citric Acid,
ECOROL 24 (LAURYL MYRISTYL ALCOHOL) 2 X 20 FLEXITANK.,Others,
ECOROL 24 (LAURYL MYRISTYL ALCOHOL) 2 X 20 FLEXITANK.,Others,
CITRIC ACID MONOHYDRATE 8-40 MESH (NOT FOR MEDICINAL USE),Citric Acid,
CITRIC ACID MONOHYDRATE NOT FOR MEDICINAL USE,Citric Acid,
CITRIC ACID MONOHYDRATE NOT FOR MEDICINAL USE,Citric Acid,
CITRIC ACID ANHYDROUS 30-100 MESH (NOT FOR MEDICINAL USE),Citric Acid,
ECOROL 24 (LAURYL MYRISTYL ALCOHOL) 2 X 20 FLEXITANK.,Others,
ECOROL 24 (LAURYL MYRISTYL ALCOHOL) 3 X 20 FLEXITANK.,Others,
ECOROL 24 (LAURYL MYRISTYL ALCOHOL) RSPO MB,Others,
CITRIC ACID ANHYDROUS (NOT FOR MEDICINAL USE),Citric Acid,
"ECOROL 24 (LAURYL MYRISTYL ALCOHOL)(2X20 FEET FLEXI TANK) (C.O.NO.0003484/BTM/2021 DT. 25-03-2021, CRITERION: RVC 99.31%",Others,
CITRIC ACID MONOHYDRATE NOT FOR MEDICINAL USE,Citric Acid,
CITRIC ACID MONOHYDRATE (NOT FOR MEDICINAL USE),Citric Acid,
ECOROL 24 (LAURYL MYRISTYL ALCOHOL)(AIFTA NO. 0003432/BTM/2021 DT. 23/03/2021) (5X20' FLEXI TANK),Others,
ECOROL 24 (LAURYL MYRISTYL ALCOHOL)(AIFTA NO. 0003645/BTM/2021 DT. 29/03/2021) (5X20' FLEXI TANK),Others,
"ECOROL 28 RSPO MB GRADE (BLEND OF LAURYL, MYRISTYL, CETYL AND STEARYL ALCOHOLS) (ASEAN-INDIA FTA:0000582/BTM/2021 DT: 18",Others,
CITRIC ACID MONOHYDRATE (NOT FOR MEDICINAL USE) (SALES CONTRACT NO.20200923-1.DT.10.11.2020.),Citric Acid,
CITRIC ACID MONOHYDRATE (NOT FOR MEDICINAL USE) (SALES CONTRACT NO.20200923-2.DT.10.11.2020.),Citric Acid,
"ECOROL 28 RSPO MB GRADE (BLEND OF LAURYL, MYRISTYL, CETYL AND STEARYL ALCOHOLS) (ASEAN-INDIA FTA:0001002/BTM/2021 DT.26.",Others,
CITRIC ACID MONOHYDRATE (NOT FOR MEDICINAL USE),Citric Acid,
"ECOROL 28 RSPO MB GRADE (BLEND OF LAURYL, MYRISTYL, CETYL AND STEARYL ALCOHOLS) (ASEAN-INDIA FTA:0001580/BTM/2021 Dt.10",Others,
CITRIC ACID MONOHYDRATE FOOD GRADE MESH 8-40 (NOT FOR MEDICINAL USE),Citric Acid,
ECOROL 68/30P ( CETYL STEARYL ALCOHOL ),Others,
ECOROL 68/30P ( CETYL STEARYL ALCOHOL),Others,
ECOROL 68/30P (CETYL STEARYL ALCOHOL) (FATTY ALCOHOL C16-18(30:70)),Fatty Alcohol,
"Citric acid monohydrate powder EMPROVE ESSENTIAL Ph Eur,BP,JP,USP,E 330,FCC 2X25KG (2 PCS) (NOT FOR FOOD PRODUCT)",Citric Acid,
ECOROL 68/50P (CETYL STEARYL ALCOHOL PASTILLES) (FATTY ALCOHOL C16-18 (50:50),Fatty Alcohol,
ECOROL 68/50P (CETYL STEARYL ALCOHOL) (FATTY ALCOHOL C16-18(50:50),Fatty Alcohol,
ECOROL 68/50P (CETYL STEARYL ALCOHOL) (FATTY ALCOHOL C16-18(50:50),Fatty Alcohol,
"Citric acid monohydrate cryst. EMPROVE ESSENTIAL Ph Eur,BP,JP,USP,E 330,FCC 13X5KG (13 PCS) (NOT FOR FOOD PRODUCT)",Citric Acid,
"Citric acid monohydrate cryst. EMPROVE ESSENTIAL Ph Eur,BP,JP,USP,E 330,FCC 1X5KG (1 PCS) (NOT FOR FOOD PRODUCT)",Citric Acid,
"Citric acid monohydrate cryst. EMPROVE ESSENTIAL Ph Eur,BP,JP,USP,E 330,FCC 2X5KG (2 PCS) (NOT FOR FOOD PRODUCT)",Citric Acid,
"Citric acid monohydrate cryst. EMPROVE ESSENTIAL Ph Eur,BP,JP,USP,E 330,FCC 2X5KG (2 PCS) (NOT FOR FOOD PRODUCT)",Citric Acid,
"Citric acid monohydrate cryst. EMPROVE ESSENTIAL Ph Eur,BP,JP,USP,E 330,FCC 11X25KG (11 PCS) (NOT FOR FOOD PRODUCT)",Citric Acid,
"Citric acid monohydrate cryst. EMPROVE ESSENTIAL Ph Eur,BP,JP,USP,E 330,FCC 4X5KG (4 PCS) (NOT FOR FOOD PRODUCT)",Citric Acid,
ECOROL 68/50P (CETYL STEARYL ALCOHOL) (FATTY ALCOHOL C16-18(50:50),Fatty Alcohol,
"Citric acid monohydrate cryst. EMPROVE ESSENTIAL Ph Eur,BP,JP,USP,E 330,FCC 16X25KG (16 PCS) (NOT FOR FOOD PRODUCT)",Citric Acid,
"Citric acid monohydrate cryst. EMPROVE ESSENTIAL Ph Eur,BP,JP,USP,E 330,FCC 1X5KG (1 PCS) (NOT FOR FOOD PRODUCT)",Citric Acid,
"Citric acid monohydrate cryst. EMPROVE ESSENTIAL Ph Eur,BP,JP,USP,E 330,FCC 1X5KG (1 PCS) (NOT FOR FOOD PRODUCT)",Citric Acid,
"Citric acid monohydrate powder EMPROVE ESSENTIAL Ph Eur,BP,JP,USP,E 330,FCC 11X25KG (11 PCS) (NOT FOR FOOD PRODUCT)",Citric Acid,
60MT CITRIC ACID ANHYDROUS 17009CAA PACKING IN 1000KG NET BAGS WITH PALLET (NOT FOR MEDICINAL USE),Citric Acid,
100MT CITRIC ACID ANHYDROUS 17009CAA PACKING IN 1000KG NET BAGS WITH PALLET (NOT FOR MEDICINAL USE),Citric Acid,
100MT CITRIC ACID ANHYDROUS 17009CAA PACKING IN 1000KG NET BAGS WITH PALLET (NOT FOR MEDICINAL USE),Citric Acid,
ECOROL 68/50P (CETYL STEARYL ALCOHOL) (FATTY ALCOHOL C16-18(50:50),Fatty Alcohol,
CITRIC ACID ANHYDROUS 12-40 MESH,Citric Acid,
CITRIC ACID ANHYDROUS 12-40 MESH (SAMPLE FOR FSSAI),Citric Acid,
ECOROL 68/50P (CETYL STEARYL ALCOHOL) (FATTY ALCOHOL C16-18(50:50),Fatty Alcohol,
ECOROL 68/50P (CETYL STEARYL ALCOHOL) (FATTY ALCOHOL C16-18(50:50),Fatty Alcohol,
"Citric acid anhydrous powder EMPROVE ESSENTIAL Ph Eur,BP,JP,USP,E 330,FCC 2X25KG (2 PCS) (NOT FOR FOOD PRODUCT)",Citric Acid,
"Citric acid monohydrate cryst. EMPROVE ESSENTIAL Ph Eur,BP,JP,USP,E 330,FCC 1X5KG (1 PCS) (NOT FOR FOOD PRODUCT)",Citric Acid,
F.O.C. KOLLICREAM OA (INDUSTRIAL FATTY ALCOHOLS-OTHER),Fatty Alcohol,
CITRIC ACID ANHYDROUS (NOT FOR MEDICINAL USE),Citric Acid,
CITRIC ACID ANHYDROUS (NOT FOR MEDICINAL USE),Citric Acid,
CITRIC ACID MONOHYDRATE 8-40 MESH (NOT FOR MEDICINAL USE),Citric Acid,
CITRIC ACID MONOHYDRATE (FOR MEDICINAL USE),Citric Acid,
CITRIC ACID ANHYDROUS 12-40 MESH (NOT FOR MEDICINAL USE),Citric Acid,
CITRIC ACID ANHYDROUS 30-100 MESH (NOT FOR MEDICINAL USE),Citric Acid,
F.O.C. KOLLIWAX CSA 50 (INDUSTRIAL FATTY ALCOHOLS-OTHER),Fatty Alcohol,
F.O.C. KOLLIWAX CSA 70 (INDUSTRIAL FATTY ALCOHOLS-OTHER),Fatty Alcohol,
"C/6160/53 CITRIC ACID MONOHYDRATE, SLR, GRANULAR, EXTRA PURE",Citric Acid,
CITRIC ACID MONOHYDRATE 8-40 MESH NOT FOR MEDICINAL USE (INDUSTRIAL APPLICATION ONLY),Citric Acid,
CITRIC ACID MONOHYDRATE (NOT FOR MEDICINAL USE),Citric Acid,
F.O.C. KOLLIWAX CSA 70 (INDUSTRIAL FATTY ALCOHOLS-OTHER),Fatty Alcohol,
CITRIC ACID MONOHYDRATE (NOT FOR FOOD & MEDICINAL USE),Citric Acid,
CITRIC ACID MONOHYDRATE (NOT FOR FOOD & MEDICINAL USE),Citric Acid,
CITRIC ACID ANHYDROUS - NON MEDICINAL USE ONLY,Citric Acid,
FATTY ALCOHOL (FLEXI TANK) (FTA CERTIFICATE NO.0003544/GRS/2021.DT.12.04.2021.),Fatty Alcohol,
100MT CITRIC ACID ANHYDROUS 17009CAA PACKING IN 1000KG NET BAGS WITH PALLET (NOT FOR MEDICINAL USE),Citric Acid,
FATTY ALCOHOL 12-14 (FLEXI BAGS) (FTA CERTIFICATE NO.0012352/GRS/2020.DT.11.12.2020.),Fatty Alcohol,
CITRIC ACID ANHYDROUS,Citric Acid,
CITRIC ACID MONOHYDRATE,Citric Acid,
CITRIC ACID ANHYDROUS 30-100 MESH,Citric Acid,
CITRIC ACID MONOHYDRATE [NOT FOR MEDICINAL USE],Citric Acid,
CITRIC ACID MONOHYDRATE [NOT FOR MEDICINAL USE],Citric Acid,
CITRIC ACID MONOHYDRATE [NOT FOR MEDICINAL USE],Citric Acid,
FATTY ALCOHOL C 22 (STENOL 1822 A SAC PAST),Fatty Alcohol,
FATTY ALCOHOL C 22 (STENOL 1822 A SAC PAST),Fatty Alcohol,
FATTY ALCOHOL C 22 (STENOL 1822 A SAC PAST),Fatty Alcohol,
FATTY ALCOHOL C 22 (STENOL 1822 A SAC PAST),Fatty Alcohol,
FATTY ALCOHOL C 22 (STENOL 1822 A SAC PAST),Fatty Alcohol,
FATTY ALCOHOL C 22 (STENOL 1822 A SAC PAST),Fatty Alcohol,
FATTY ALCOHOL C 22 (STENOL 1822 A SAC PAST),Fatty Alcohol,
FATTY ALCOHOL C 22 (STENOL 1822 A SAC PAST),Fatty Alcohol,
CITRIC ACID ANHYDROUS FINE GRAN,Citric Acid,
FATTY ALCOHOL C12-14,Fatty Alcohol,
"747462, CHEM,CITRIC ACID, 1 KG",Citric Acid,
CITRIC ACID MONOHYDRATE TECHNICAL GRADE (NOT FOR MEDICINAL USE),Citric Acid,
FATTY ALCOHOL C12-14,Fatty Alcohol,
FATTY ALCOHOL C12-14,Fatty Alcohol,
FATTY ALCOHOL C12-14 ( LAURYL MYRISTYL ALCOHOL ) (TANK CONTAINER),Fatty Alcohol,
"22869.36 Citric acid monohydrate, 99.5+%",Citric Acid,
FATTY ALCOHOL C12-14 ( LAURYL MYRISTYL ALCOHOL ) (TANK CONTAINER),Fatty Alcohol,
CITRIC ACID ANHYDROUS 10-40MESH (NOT FOR MEDICINAL USE)(DETAILS AS PER INV./PL),Citric Acid,
CITRIC ACID ANHYDROUS (30-100 MESH)(NOT INTENDED FOR FOOD &MEDICINAL USE),Citric Acid,
CITRIC ACID MONOHYDRATE (8-16 MESH)(NOT INTENDED FOR FOOD &MEDICINAL USE),Citric Acid,
CITRIC ACID MONOHYDRATE (8-40 MESH)(NOT INTENDED FOR FOOD &MEDICINAL USE),Citric Acid,
CITRIC ACID ANHYDROUS 30-100 MESH FOOD GRADE / NOT FOR MEDICINAL USE,Citric Acid,
CITRIC ACID MONOHYDRATE 8-16 MESH FOOD GRADE / NOT FOR MEDICINAL USE,Citric Acid,
CITRIC ACID MONOHYDRATE 8-40 MESH FOOD GRADE / NOT FOR MEDICINAL USE,Citric Acid,
CITRIC ACID MONOHYDRATE 8-40 MESH NOT FOR MEDICINAL USE (INDUSTRIAL APPLICATION ONLY),Citric Acid,
FATTY ALCOHOL C12-14 (FLEXIBAG IN TANK CONTAINER),Fatty Alcohol,
FATTY ALCOHOL C12-14 (FLEXIBAG IN TANK CONTAINER),Fatty Alcohol,
FATTY ALCOHOL C12-14 (FLEXIBAG IN TANK CONTAINER),Fatty Alcohol,
CITRIC ACID MONOHYDRATE 8-40 MESH (NOT FOR MEDICINAL USE),Citric Acid,
CITRIC ACID ANHYDROUS 12-40 MESH,Citric Acid,
CITRIC ACID ANHYDROUS 12-40 MESH (SAMPLE FOR FSSAI),Citric Acid,
FATTY ALCOHOL C12-14 (LAURIC AND MYRISTIC ALCOHOL (C1214 FC)) (FLEXIBAGS IN TANK CONTAINER),Fatty Alcohol,
FATTY ALCOHOL C18 (ECOROL 18/99P (STEARYL ALCOHOL)),Fatty Alcohol,
FATTY ALCOHOL C18 (MASCOL 1898P (STEARYL ALCOHOL)),Fatty Alcohol,
FATTY ALCOHOL C18 (MASCOL 1898P (STEARYL ALCOHOL)),Fatty Alcohol,
FATTY ALCOHOL C18 (MASCOL 1898P (STEARYL ALCOHOL)),Fatty Alcohol,
FATTY ALCOHOL C18 (MASCOL 1898P (STEARYL ALCOHOL)),Fatty Alcohol,
FATTY ALCOHOL C18 (MASCOL 1898P (STEARYL ALCOHOL)),Fatty Alcohol,
HD-OCEANOL 80/85 1 X 200 I (100 9004090-0176 RM000161),Others,
IBC-1 WAY TOTE R-2479.61 HOF(HEAVY OXO FRACTION) (INDUSTRIALCHEMICAL)(NON-FOOD AND NON-MEDICINE USE),Others,
"ISALCHEM 123 (PRODUCT NO:38/A1305,SPEC.1305.REV.3,BULK LIQUIDS)(NET WT:18680.00 KGS)(ISO TANK)",Others,
CITRIC ACID MONOHYDRATE (NOT FOR MEDICINAL USE),Citric Acid,
CITRIC ACID MONOHYDRATE (NOT FOR MEDICINAL USE),Citric Acid,
CITRIC ACID MONOHYDRATE (NOT FOR MEDICINAL USE),Citric Acid,
CITRIC ACID MONOHYDRATE (NOT FOR MEDICINAL USE),Citric Acid,
CITRIC ACID MONOHYDRATE (NOT FOR MEDICINAL USE),Citric Acid,
"ISALCHEM 123 (SPEC:1305 REV.3,ITEM NO:38/A1305,BULK LIQUIDS)(NET WT:19000.00 KGS)(ISO TANK)",Others,
CITRIC ACID MONOHYDRATE(NOT FOR MEDICAL USE),Citric Acid,
ISALCHEM 145 BATCH NO.S721B-064063,Others,
CITRIC ACID ANHYDROUS,Citric Acid,
CITRIC ACID ANHYDROUS,Citric Acid,
ISO DECANOL (EXXAL 10) (ISO TANK),Others,
ISO DECANOL (EXXAL 10) (ISO TANK),Others,
"Citric acid anhydrous powder EMPROVE ESSENTIAL Ph Eur,BP,JP,USP,E 330,FCC 30X5KG (30 PCS) (PHARMA GARDE)",Citric Acid,
KOLLICREAM OA (OLEYL ALCOHOL)(USE FOR PHARMA INDUSTRY NOT FOR FOOD INDUSTRY),Others,
KOLLICREAM OA (OLEYL ALCOHOL)(USE FOR PHARMA INDUSTRY NOT FOR FOOD INDUSTRY),Others,
KOLLICREAM OA (OLEYL ALCOHOL)(USE FOR PHARMA INDUSTRY NOT FOR FOOD INDUSTRY),Others,
KOLLICREAM OA 175KG 1A1/PO:4963180421/00010INDUSTRIAL FATTY ALCOHOLS - OTHERS,Fatty Alcohol,
KOLLICREAM OA(OLEYL ALCOHOL)(USE FOR PHRMA INDUSTRY NOT FORFOOD INDUSTRY),Others,
KOLLICREAM OA(OLEYL ALCOHOL)(USE FOR PHRMA INDUSTRY NOT FORFOOD INDUSTRY),Others,
CITRIC ACID ANHYDROUS (NOT FOR MEDICINAL USE),Citric Acid,
16102 ANHYDROUS CITRIC ACID (ECO) (CRITIC ACID ) (RAW MATERIAL FOR COSMETICS USE),Citric Acid,
KOLLICREAM OA(OLEYL ALCOHOL)(USE FOR PHRMA INDUSTRY NOT FORFOOD INDUSTRY),Others,
CITRIC ACID MONOHYDRATE 8-40 MESH (NOT FOR MEDICINAL USE)(BATCH NO.1MT2011516)(ADC DUAL USE NOC: NOC/SZ/2020/001273),Citric Acid,
CITRIC ACID MONOHYDRATE 8-40 MESH (NOT FOR MEDICINAL USE)(BATCH NO.3MT2011016)(ADC DUAL USE NOC: NOC/SZ/2020/001273),Citric Acid,
KOLLICREAM OA/PO:4962166874/00010 INDUSTRIAL FATTY ALCOHOLS- OTHERS,Fatty Alcohol,
KOLLICREAM OA/PO:4963287255/00010INDUSTRIAL FATTY ALCOHOLS - OTHERS,Fatty Alcohol,
KOLLIWAX CA(CETYL ALCOHOL)(USE FOR PHRMA INDUSTRY NOT FOR FOOD INDUSTRY),Others,
KOLLIWAX CA(CETYL ALCOHOL)(USE FOR PHRMA INDUSTRY NOT FOR FOOD INDUSTRY),Others,
CITRIC ACID ANHYDROUS,Citric Acid,
CITRIC ACID MONOHYDRATE,Citric Acid,
KOLLIWAX CSA 50,Others,
CITRIC ACID MONOHYDRATE (NOT FOR MEDICINAL USE),Citric Acid,
"CITRIC ACID ANHYDROUS POWDER EMPROVE(R) ESSENTIAL PH EUR, BP, JP, USP, E 330, FCC 9X25KG (9 PCS) (NOT FOR FOOD PRODUCT)",Citric Acid,
KOLLIWAX CSA 50 (Cetostearyl Alcohol Kolliwax CSA 50,Others,
KOLLIWAX CSA 50 (Cetostearyl Alcohol Kolliwax CSA 50,Others,
KOLLIWAX CSA 50 (Cetostearyl Alcohol Kolliwax CSA 50,Others,
CITRIC ACID ANHYDROUS 10-40 MESH,Citric Acid,
KOLLIWAX CSA 50 (CETOSTEARYL ALCOHOL) (USE FOR PHARMA INDUSTRY NOT FOOD INDUSTRY),Others,
KOLLIWAX CSA 50 (INDUSTRIAL FATTY ALCOHOLS - OTHERS,Fatty Alcohol,
CITRIC ACID MONOHYDRATE 8-40 MESH (NOT FOR MEDICINAL USE INDUSTRIAL APPLICATION ONLY NOT FOR FOOD INDUSTRIES),Citric Acid,
KOLLIWAX CSA 50 25KG 5H4 FOR EXCIPIENT U/PO:4961466729/00010INDUSTRIAL FATTY ALCOHOLS - OTHERS,Fatty Alcohol,
KOLLIWAX CSA 50 25KG 5H4 FOR EXCIPIENT U/PO:4963457402/00010INDUSTRIAL FATTY ALCOHOLS - OTHERS,Fatty Alcohol,
KOLLIWAX CSA 50 25KG 5H4/PO:4961416810/00010INDUSTRIAL FATTY ALCOHOLS - OTHERS,Fatty Alcohol,
KOLLIWAX CSA 50 25KG 5H4/PO:4961440100/00010INDUST RIAL FATTY ALCOHOLS - OTHERS,Fatty Alcohol,
KOLLIWAX CSA 50 BATCH NO:0021625713 (SAMPLE CONSIGNMENT FOCFOR EVALUATION PURPOSE NOT FOR SALE OR COMMERCIAL USE),Others,
KOLLIWAX CSA 50 BATCH NO:0022762787 (SAMPLE CONSIGNMENT FOCFOR EVALUATION PURPOSE NOT FOR SALE OR COMMERCIAL USE),Others,
KOLLIWAX CSA 50 BATCH NO:0023725839 (SAMPLE CONSIGNMENT FREEOF COST EVALUATION PURPOSE NOT FOR SALE OR COMMERCIAL USE),Others,
KOLLIWAX CSA 50/PO:4962504423/00010 INDUSTRIAL FATTY ALCOHOLS - OTHERS,Fatty Alcohol,
KOLLIWAX CSA 50/PO:4962504423/00010 INDUSTRIAL FATTY ALCOHOLS - OTHERS,Fatty Alcohol,
KOLLIWAX CSA 70 (CETOSTEARYL ALCOHOL) (USE FOR PHARMA INDUSTRY NOT FOOD INDUSTRY),Others,
CITRIC ACID ANHYDROUS 30-100 MESH (NOT FOR MEDICINAL USE INDUSTRIAL APPLICATION ONLY NOT FOR FOOD INDUSTRIES),Citric Acid,
CITRIC ACID ANHYDROUS CAA N1560,Citric Acid,
CITRIC ACID MONOHYDRATE,Citric Acid,
CITRIC ACID ANHYDROUS (FINE GRANULAR) (NOT FOR MEDICINAL USE),Citric Acid,
CITRIC ACID MONOHYDRATE (NOT FOR MEDICINAL USE),Citric Acid,
CITRIC ACID ANHYDROUS (FINE GRANULAR) (NOT FOR MEDICINAL USE),Citric Acid,
LANETTE D (CETOSTERYL ALCOHOL),Others,
CITRIC ACID MONOHYDRATE (NOT FOR MEDICINAL USE),Citric Acid,
"CITRIC ACID MONOHYDRATE (NOT TO BE USED FOR FOOD,FEED OR MEDICINAL PURPOSE)",Citric Acid,
CITRIC ACID MONOHYDRATE (NOT FOR MEDICINAL USE),Citric Acid,
CITRIC ACID MONOHYDRATE (NOT FOR MEDICINAL USE),Citric Acid,
CITRIC ACID MONOHYDRATE (NOT FOR MEDICINAL USE),Citric Acid,
CITRIC ACID MONOHYDRATE (NOT FOR MEDICINAL USE),Citric Acid,
CITRIC ACID MONOHYDRATE (NOT FOR MEDICINAL USE),Citric Acid,
CITRIC ACID MONOHYDRATE (NOT FOR MEDICINAL USE),Citric Acid,
"A10395.0B Citric acid, 99+%",Citric Acid,
LANETTE O (CETEARY ALCOHOL) BATCH NO. 0023726678,Others,
"Citric acid anhydrous powder EMPROVE ESSENTIAL Ph Eur,BP,JP,USP,E 330,FCC 2X25KG (2 PCS) (NOT FOR FOOD PRODUCT)",Citric Acid,
"Citric acid monohydrate cryst. EMPROVE ESSENTIAL Ph Eur,BP,JP,USP,E 330,FCC 1X5KG (1 PCS) (NOT FOR FOOD PRODUCT)",Citric Acid,
LANETTE O (CETEARY ALCOHOL) BATCH NO. 0023726678,Others,
CITRIC ACID MONOHYDRATE(NOT FOR MEDICAL USE),Citric Acid,
CITRIC ACID ANHYDROUS 12-40 MESH,Citric Acid,
CITRIC ACID ANHYDROUS 12-40 MESH (SAMPLE FOR FSSAI),Citric Acid,
CITRIC ACID MONOHYDRATE 8-40MESH [NOT FOR MEDICINAL USE],Citric Acid,
CITRIC ACID MONOHYDRATE (NOT FOR MEDICINAL USE ONLY INDUSTRIAL GRADE),Citric Acid,
CITRIC ACID ANHYDROUS (FINE GRANULAR) (NOT FOR MEDICINAL USE),Citric Acid,
LANETTE O (CETEARY ALCOHOL) BATCH NO. 0023726678,Others,
LANETTE O (CETEARY ALCOHOL) BATCH NO. 0023726678,Others,
LANETTE O (CETEARY ALCOHOL) BATCH NO. 0023934642,Others,
LANETTE O (CETEARY ALCOHOL) BATCH NO. 0023934642,Others,
LANETTE O 20KG PLASTIC FILM BAGS/PO:4963359927/00010INDUSTRIAL FATTY ALCOHOL,Fatty Alcohol,
LAURIC AND MYRISTYL ALCOHL (C1214FC),Others,
LAURIC AND MYRISTYL ALCOHOL (PACKED IN FLEXI BAGS),Others,
CITRIC ACID MONOHYDRATE (NOT FOR MEDICINAL USE,Citric Acid,
CITRIC ACID MONOHYDRATE 8-40MESH [NOT FOR MEDICINAL USE],Citric Acid,
LAURIC MYRISTIC ALCOHOL (1214 ALCOHOL,Others,
CITRIC ACID ANHYDROUS (NOT FOR MEDICINAL USE,Citric Acid,
LAURIC MYRISTIC ALCOHOL (1214 ALCOHOL,Others,
LAURYL ALCOHOL (AIFTA REF NO: 0002490/GRS/2021 DTD. 15.03.2021),Others,
CITRIC ACID MONOHYDRATE 8-40 MESH NOT FOR MEDICINAL USE (INDUSTRIAL APPLICATION ONLY),Citric Acid,
CITRIC ACID MONOHYDRATE (NOT FOR MEDICINAL USE),Citric Acid,
LAURYL ALCOHOL (AIFTA REF NO: 0003566/GRS/2021 DTD. 13.04.2021),Others,
CITRIC ACID ANHYDROUS 30-100 MESH (NOT FOR MEDICINAL USE),Citric Acid,
CITRIC ACID MONOHYDRATE 8-40 MESH (NOT FOR MEDICINAL USE),Citric Acid,
LAURYL ALCOHOL (C1214) (FLEXIBAGS,Others,
LAURYL ALCOHOL (C1214) (FLEXIBAGS,Others,
CITRIC ACID MONOHYDRATE 8-40 MESH (NOT FOR MEDICINAL USE),Citric Acid,
CITRIC ACID ANHYDROUS (NOT FOR MEDICINAL USE),Citric Acid,
CITRIC ACID MONOHYDRATE 8-40 MESH (NOT FOR MEDICINAL USE),Citric Acid,
"CITRIC ACID ANHYDROUS PURITY: CURRENT EP,USP,LEC MICROBIOLOGICAL REQUIREMENTS",Citric Acid,
"CITRIC ACID MONOHYDRATE PURITY: CURRENT EP,USP,LEC MICROBIOLOGICAL REQUIREMENTS",Citric Acid,
CITRIC ACID MONOHYDRATE,Citric Acid,
(R02200) CITRIC ACID (RAW MATERIAL FOR COSMETICS USE),Citric Acid,
CITRIC ACID MONOHYDRATE (NOT FOR MEDICINAL USE),Citric Acid,
LAURYL ALCOHOL (C1214) (FLEXIBAGS,Others,
LAURYL ALCOHOL (C1214) (FLEXIBAGS,Others,
CITRIC ACID - ANY GRADE,Citric Acid,
CITRIC ACID MONOHYDRATE ( NOT FOR MEDICINAL USE ),Citric Acid,
LAURYL ALCOHOL (C1214) (FLEXIBAGS,Others,
"36664.36 Citric acid, anhydrous, ACS, 99.5+%",Citric Acid,
LAURYL ALCOHOL (C1214) (FLEXIBAGS,Others,
"Citric acid monohydrate cryst. EMPROVE ESSENTIAL Ph Eur,BP,JP,USP,E 330,FCC 1X5KG (1 PCS) (NOT FOR FOOD PRODUCT)",Citric Acid,
LAURYL ALCOHOL (C1214) (FLEXIBAGS,Others,
LAURYL ALCOHOL (C1214) (FLEXIBAGS,Others,
CITRIC ACID MONOHYDRATE ( MESH 8-16 ) (NOT FOR FOOD AND MEDICINAL USE) ( FOR INDUSTRIAL USE ONLY ) (FOR PAINT INDUSTRIE,Citric Acid,
CITRIC ACID ANHYDROUS 30-100 MESH (NOT FOR MEDICINAL USE INDUSTRIAL APPLICATION ONLY NOT FOR FOOD INDUSTRIES),Citric Acid,
LAURYL ALCOHOL (C1214) (FLEXIBAGS,Others,
LAURYL ALCOHOL (C1214) (FLEXIBAGS,Others,
LAURYL ALCOHOL (C1214) (FLEXIBAGS,Others,
LAURYL ALCOHOL (C1214) (FLEXIBAGS,Others,
CITRIC ACID MONOHYDRATE (NOT FOR MEDICINAL USE),Citric Acid,
ADDITIVE-CITRIC ACID - E330--(SAMPLE FOR R AND PURPOSES ONLY),Citric Acid,
CITRIC ACID ANHYDROUS (NOT FOR MEDICINAL USE,Citric Acid,
CITRIC ACID MONOHYDRATE (NOT FOR MEDICINAL USE),Citric Acid,
CITRIC ACID MONOHYDRATE (NOT FOR MEDICINAL USE),Citric Acid,
CITRIC ACID MONOHYDRATE (NOT FOR MEDICINAL USE),Citric Acid,
CITRIC ACID MONOHYDRATE (NOT FOR MEDICINAL USE),Citric Acid,
CITRIC ACID MONOHYDRATE (NOT FOR MEDICINAL USE),Citric Acid,
16102 ANHYDROUS CITRIC ACID (ECO) (CRITIC ACID ) (RAW MATERIAL FOR COSMETICS USE),Citric Acid,
LAURYL ALCOHOL (C1214) (FLEXITANKS,Others,
LAURYL ALCOHOL (C1214) (FLEXITANKS,Others,
CITRIC ACID MONOHYDRATE (GOODS ARE NOT FOR MEDICINAL USE),Citric Acid,
CITRIC ACID ANHYDROUS - NON MEDICINAL USE,Citric Acid,
LAURYL ALCOHOL (C1214) (FLEXITANKS,Others,
"36664.36 Citric acid, anhydrous, ACS, 99.5+%",Citric Acid,
LAURYL ALCOHOL (C1214) (FLEXITANKS,Others,
CITRIC ACID ANHYDROUS (NOT FOR MEDICINAL USE),Citric Acid,
LAURYL ALCOHOL (C1214) (FLEXITANKS,Others,
LAURYL ALCOHOL (C1214) (FLEXITANKS,Others,
LAURYL ALCOHOL (C1214) (FLEXITANKS,Others,
LAURYL ALCOHOL (C1214) (FLEXITANKS,Others,
CITRIC ACID ANHYDROUS (NOT FOR MEDICINAL USE),Citric Acid,
LAURYL ALCOHOL (C1214) (FLEXITANKS,Others,
LAURYL ALCOHOL (C1214) (FLEXITANKS,Others,
LAURYL ALCOHOL (C1214) (FLEXITANKS,Others,
LAURYL ALCOHOL (C1214) (FLEXITANKS,Others,
LAURYL ALCOHOL (C1214) (FLEXITANKS,Others,
LAURYL ALCOHOL (C1214) (FLEXITANKS,Others,
CITRIC ACID MONOHYDRATE (NOT FOR MEDICINAL USE),Citric Acid,
CITRIC ACID MONOHYDRATE (NOT FOR MEDICINAL USE),Citric Acid,
CITRIC ACID MONOHYDRATE (NOT FOR MEDICINAL USE),Citric Acid,
CITRIC ACID MONOHYDRATE (NOT FOR MEDICINAL USE),Citric Acid,
LAURYL ALCOHOL (C1214) (FLEXITANKS,Others,
CITRIC ACID MONOHYDRATE 8-40 MESH NOT FOR MEDICINAL USE (INDUSTRIAL APPLICATION ONLY),Citric Acid,
CITRIC ACID ANHYDROUS 12-40 MESH,Citric Acid,
CITRIC ACID ANHYDROUS 12-40 MESH (SAMPLE FOR FSSAI),Citric Acid,
CITRIC ACID ANHYDROUS (PURCHASE ORDER IMP/AJ/002/2021 DT. 04.01.2021),Citric Acid,
LAURYL ALCOHOL (C1214) (FLEXITANKS,Others,
LAURYL ALCOHOL (C1214) (FLEXITANKS,Others,
LAURYL ALCOHOL (C1214) (FLEXITANKS,Others,
LAURYL ALCOHOL (C1214) (FLEXITANKS,Others,
60MT CITRIC ACID ANHYDROUS 17009CAA PACKING IN 1000KG NET BAGS WITH PALLET (NOT FOR MEDICINAL USE),Citric Acid,
100MT CITRIC ACID ANHYDROUS FCC8 (NOT FOR MEDICINAL USE),Citric Acid,
LAURYL ALCOHOL (C1214) (THAIOL 1214) (FLEXIBAGS,Others,
LAURYL ALCOHOL (C1214) MB (FLEXIBAGS,Others,
LAURYL ALCOHOL (C1214) MB (FLEXIBAGS,Others,
CITRIC ACID ANHYDROUS - Not for Medicinal Use,Citric Acid,
LAURYL ALCOHOL (C1214) MB (FLEXIBAGS,Others,
LAURYL ALCOHOL (C1214) MB (FLEXIBAGS,Others,
LAURYL ALCOHOL (C1214) MB (FLEXIBAGS,Others,
LAURYL ALCOHOL (C1214) MB (FLEXIBAGS,Others,
CITRIC ACID ANHYDROUS (NOT FOR FOOD INDUSTRY) (NOT FOR MEDICINAL USE),Citric Acid,
LAURYL ALCOHOL (C1214) MB (FLEXITANKS,Others,
CITRIC ACID-MONO-HYDRATE (FOR TECHNICAL PURPOSES NOT FOR MEDICINAL USE),Citric Acid,
LAURYL ALCOHOL (C1214) MB (FLEXITANKS,Others,
LAURYL ALCOHOL (C1214) MB (FLEXITANKS,Others,
LAURYL ALCOHOL (C1214) MB (FLEXITANKS,Others,
LAURYL ALCOHOL (C1214) MB (FLEXITANKS,Others,
CITRIC ACID ANHYDROUS 30-100 MESH (NOT FOR MEDICINAL USE),Citric Acid,
CITRIC ACID MONOHYDRATE 8-40 MESH (NOT FOR MEDICINAL USE),Citric Acid,
LAURYL ALCOHOL (C1214) MB (FLEXITANKS,Others,
LAURYL ALCOHOL (C1214) MB (FLEXITANKS,Others,
LAURYL ALCOHOL (C1214) MB (FLEXITANKS,Others,
CITRIC ACID MONOHYDRATE (NOT FOR MEDICINAL USE),Citric Acid,
LAURYL ALCOHOL (C1214) MB (FLEXITANKS,Others,
LAURYL ALCOHOL (C1214) MB (FLEXITANKS,Others,
LAURYL ALCOHOL (C1214) MB (FLEXITANKS,Others,
LAURYL ALCOHOL (C1214) MB (FLEXITANKS,Others,
CITRIC ACID ANHYDROUS (NOT INTENDED FOR FOOD & MEDICINAL USE),Citric Acid,
LAURYL ALCOHOL (C1214) MB (FLEXITANKS,Others,
CHLOROACETALDEHYDE 45 % SOLUTION,Others,
LAURYL ALCOHOL (C1214) MB (FLEXITANKS,Others,
CITRIC ACID MONOHYDRATE ( MESH 8-16 ) (NOT FOR FOOD AND MEDICINAL USE) ( FOR INDUSTRIAL USE ONLY ) (FOR PAINT INDUSTRIE,Citric Acid,
CITRIC ACID ANHYDROUS (NOT FOR MEDICINAL USE),Citric Acid,
LAURYL ALCOHOL (C1216) (FLEXITANKS,Others,
CITRIC ACID ANHYDROUS GRANULAR 12-40 MESH (AIFTA REFERENCE NO. AI2021-0002584 DT.14.01.2021),Citric Acid,
CITRIC ACID ANHYDROUS GRANULAR 12-40 MESH (AIFTA REFERENCE NO. AI2021-0002585 DT.14.01.2021),Citric Acid,
CITRIC ACID MONOHYDRATE (NOT FOR MEDICINAL USE),Citric Acid,
LAURYL ALCOHOL (C1216) (FLEXITANKS,Others,
LAURYL ALCOHOL (C1216) (FLEXITANKS,Others,
CITRIC ACID MONOHYDRATE 8-16MESH NOT FOR MEDICINAL USE,Citric Acid,
LAURYL ALCOHOL (C1216) (FLEXITANKS,Others,
LAURYL ALCOHOL (C1216) (FLEXITANKS,Others,
LAURYL ALCOHOL (C1216) MB (FLEXITANKS,Others,
LAURYL ALCOHOL (C1218) MB (TANK CONTAINERS,Others,
CITRIC ACID MONOHYDRATE ( MESH 8-40 ) (NOT FOR FOOD AND MEDICINAL USE) ( FOR INDUSTRIAL USE ONLY ) (FOR PAINT INDUSTRIE,Citric Acid,
CITRIC ACID ANHYDROUS - Non Medicinal Use,Citric Acid,
LAURYL ALCOHOL (C1218) MB (TANK CONTAINERS,Others,
CITRIC ACID ANHYDROUS,Citric Acid,
LAURYL ALCOHOL (C1218) MB (TANK CONTAINERS,Others,
CITRIC ACID MONOHYDRATE 8-40 MESH (NOT FOR MEDICINAL USE INDUSTRIAL APPLICATION ONLY NOT FOR FOOD INDUSTRIES),Citric Acid,
CITRIC ACID ANHYDROUS(NOT FOR MEDICINAL USE),Citric Acid,
LAURYL ALCOHOL (C1218) MB (TANK CONTAINERS,Others,
LAURYL ALCOHOL (C12-C14) (AIFTA NO. 0000542/BTM/2021 DT: 15.01.2021),Others,
LAURYL ALCOHOL (C12-C14) (FLEXITANK) (AIFTA NO. 0001601/BTM/2021 DT: 10.02.2021),Others,
LAURYL ALCOHOL (CO1214) (MALAYSIA-INDIA CECA CERT NO. KN-2021-MICECA-26-000541 DT.02.04.2021),Others,
CITRIC ACID MONOHYDRATE (NOT FOR MEDICINAL USE),Citric Acid,
CITRIC ACID MONOHYDRATE (NOT FOR MEDICINAL USE),Citric Acid,
CITRIC ACID ANHYDROUS (NOT FOR MEDICINAL USE),Citric Acid,
CITRIC ACID ANHYDROUS 30-100 MESH (NOT FOR MEDICINAL USE),Citric Acid,
LAURYL ALCOHOL (KALCOL 2470) (MICECA REF NO. PP-2021-MICECA-26-000044 DT: 26.01.2021),Others,
CITRIC ACID MONOHYDRATE (NOT FOR MEDICINAL USE),Citric Acid,
LAURYL ALCOHOL (WITH AIFTA REF NO. 0001170/KDM/2021 DT. 22.02.2021),Others,
LAURYL ALCOHOL (WITH AIFTA REF NO. 0001533/KDM/2021 DT. 15.03.2021),Others,
LAURYL ALCOHOL (WITH AIFTA REF NO. 0012777/GRS/2020 DT: 23.12.2020),Others,
LAURYL ALCOHOL (WITH AIFTA REF NO: 0000734/KDM/2021 DT. 02.02.2021),Others,
LAURYL ALCOHOL (WITH AIFTA REF NO: 0000735/KDM/2021 DT. 02.02.2021),Others,
LAURYL ALCOHOL (WITH AIFTA REF NO: 0001238/KDM/2021 DT. 25.02.2021),Others,
CITRIC ACID ANHYDROUS 30-100 MESH (NOT FOR MEDICINAL USE INDUSTRIAL APPLICATION ONLY NOT FOR FOOD INDUSTRIES),Citric Acid,
LAURYL ALCOHOL (WITH AIFTA REF NO: 0001353/KDM/2021 DT. 04.03.2021),Others,
LAURYL ALCOHOL (WITH AIFTA REF NO: 0010183/KDM/2020 DT. 10.12.2020),Others,
CITRIC ACID ANHYDROUS (FINE GRANULAR) (NOT FOR MEDICINAL USE),Citric Acid,
CITRIC ACID MONOHYDRATE 8-40 MESH (NOT FOR FOOD INDUSTRY) (NOT FOR MEDICINAL USE ),Citric Acid,
LAURYL ALCOHOL (WITH AIFTA REF NO: AI2021-0002140 DT: 13.01.2021),Others,
CHLOROACETALDEHYDE 45 % SOLUTION,Others,
CHLOROACETALDEHYDE 45 % SOLUTION,Others,
CITRIC ACID ANHYDROUS (NOT FOR MEDICINAL USE INDUSTRIAL APPLICATION ONLY NOT FOR FOOD INDUSTRIES),Citric Acid,
CITRIC ACID ANHYDROUS ( NOT FOR MEDICINAL USE ),Citric Acid,
CITRIC ACID MONOHYDRATE 8-40 MESH (NOT FOR MEDICINAL USE INDUSTRIAL APPLICATION ONLY NOT FOR FOOD INDUSTRIES),Citric Acid,
LAURYL ALCOHOL (WITH AIFTA REF NO: AI2021-0016756 DT: 31.03.2021),Others,
LAURYL ALCOHOL C1214 (WITH AIFTA REF NO: KL-2021-AI-21-001169 DT. 25.01.2021),Others,
LAURYL ALCOHOL C1214 (WITH AIFTA REF NO: KL-2021-AI-21-002267 DT. 16.02.2021),Others,
LAURYL ALCOHOL C1214 (WITH AIFTA REF NO: KL-2021-AI-21-002293 DT. 16.02.2021),Others,
LAURYL ALCOHOL C1214 (WITH AIFTA REF NO: KL-2021-AI-21-002679 DT. 24.02.2021),Others,
CITRIC ACID MONOHYDRATE (NOT FOR MEDICINAL USE),Citric Acid,
LAURYL ALCOHOL C1214 (WITH AIFTA REF NO: KL-2021-AI-21-002997 DT. 02.03.2021),Others,
CITRIC ACID ANHYDROUS,Citric Acid,
CITRIC ACID MONOHYDRATE 8-40 MESH (NOT FOR MEDICINAL USE),Citric Acid,
LAURYL ALCOHOL C1214 (WITH AIFTA REF NO: KL-2021-AI-21-003749 DT. 16.03.2021),Others,
CITRIC ACID ANHYDROUS (NOT FOR MEDICINAL USE),Citric Acid,
CITRIC ACID MONOHYDRATE 8-40 MESH (NOT FOR MEDICINAL USE),Citric Acid,
LAURYL ALCOHOL C1214 (WITH AIFTA REF NO: KL-2021-AI-21-003815 DT. 17.03.2021),Others,
CITRIC ACID ANHYDROUS 30-100 MESH (NOT FOR MEDICINAL USE),Citric Acid,
LAURYL ALCOHOL C1214 (WITH AIFTA REF NO: KL-2021-AI-21-004531 DT. 31.03.2021),Others,
CITRIC ACID MONOHYDRATE 8-40 MESH (NOT FOR MEDICINAL USE),Citric Acid,
LAURYL ALCOHOL C1214 (WITH AIFTA REF NO: KL-2021-AI-21-004606 DT. 01.04.2021),Others,
LAURYL ALCOHOL C1214 (WITH AIFTA REF NO: KL-2021-AI-21-004842 DT. 07.04.2021),Others,
LAURYL ALCOHOL C1214/PO:4964330918/00010INDUSTRIAL FATTY ALCOHOL (LAURYL-MYRISTYL ALCOHOL),Fatty Alcohol,
CITRIC ACID ANHYDROUS 30-100 MESH (NOT FOR MEDICINAL USE),Citric Acid,
CITRIC ACID MONOHYDRATE 8-40 MESH (NOT FOR MEDICINAL USE),Citric Acid,
LAURYL ALCOHOL C1214/PO:4964330918/00010INDUSTRIAL FATTY ALCOHOL (LAURYL-MYRISTYL ALCOHOL),Fatty Alcohol,
CITRIC ACID ANHYDROUS 30-100 MESH (NOT FOR MEDICINAL USE),Citric Acid,
CITRIC ACID MONOHYDRATE 8-40 MESH (NOT FOR MEDICINAL USE),Citric Acid,
(R02200) CITRIC ACID (RAW MATERIAL FOR COSMETICS USE),Citric Acid,
CITRIC ACID ANHYDROUS 30-100 MESH (NOT FOR MEDICINAL USE),Citric Acid,
CITRIC ACID ANHYDROUS (NOT FOR MEDICINAL USE),Citric Acid,
CITRIC ACID ANHYDROUS( NOT FOR MEDICINAL USE),Citric Acid,
CITRIC ACID MONOHYDRATE (NOT FOR MEDICINAL USE),Citric Acid,
CITRIC ACID MONOHYDRATE (NOT FOR MEDICINAL USE),Citric Acid,
CITRIC ACID MONOHYDRATE 8-40 MESH (NOT FOR MEDICINAL USE),Citric Acid,
LAURYL ALCOHOL C1214/PO:4964330918/00010INDUSTRIAL FATTY ALCOHOL (LAURYL-MYRISTYL ALCOHOL),Fatty Alcohol,
LAURYL ALCOHOL C1214/PO:4964330918/00010INDUSTRIAL FATTY ALCOHOL (LAURYL-MYRISTYL ALCOHOL),Fatty Alcohol,
LAURYL ALCOHOL C1214/PO:4964330918/00010INDUSTRIAL FATTY ALCOHOL (LAURYL-MYRISTYL ALCOHOL),Fatty Alcohol,
LAURYL ALCOHOL C1214/PO:4964330918/00010INDUSTRIAL FATTY ALCOHOL (LAURYL-MYRISTYL ALCOHOL),Fatty Alcohol,
LAURYL ALCOHOL C1214/PO:4964330918/00010INDUSTRIAL FATTY ALCOHOL (LAURYL-MYRISTYL ALCOHOL),Fatty Alcohol,
"LAURYL ALCOHOL CO-1214 ( P & G REF# IN20-071) (CUSTOMER PO#139, DT. 06.11.2020) (3X20' ISO TANKS)",Others,
"LAURYL ALCOHOL CO-1214 ( P & G REF# IN20-084) (CUSTOMER PO#156, DT. 03.12.2020) (3X20' ISO TANKS)",Others,
"LAURYL ALCOHOL CO-1214 ( P & G REF# IN20-089) (CUSTOMER PO#160, DT. 06.12.2020) (3X20' ISO TANKS)",Others,
"LAURYL ALCOHOL CO-1214 ( P & G REF# IN20-134) (CUSTOMER PO#177, DT. 28.01.2021) (3X20' ISO TANKS)",Others,
CITRIC ACID MONOHYDRATE 8-16 MESH (NOT FOR MEDICINAL USE),Citric Acid,
CITRIC ACID MONOHYDRATE 8-40 MESH NOT FOR MEDICINAL USE (NDUSTRIAL APPLICATION ONLY),Citric Acid,
CITRIC ACID MONOHYDRATE (8-40 MESH)(NOT INTENDED FOR FOOD &MEDICINAL USE)ENSIGN BRAND,Citric Acid,
"LAURYL ALCOHOL CO-1214 ( P & G REF# IN20-135) (CUSTOMER PO#177, DT. 28.01.2021) (2X20' ISO TANKS)",Others,
"LAURYL ALCOHOL CO-1214 ( P & G REF# IN20-136) (CUSTOMER PO#191, DT. 21.01.2021) (3X20' ISO TANKS)",Others,
"LAURYL ALCOHOL CO-1214 ( P & G REF# IN20-137) (CUSTOMER PO#191, DT. 21.01.2021) (3X20' ISO TANKS)",Others,
"LAURYL ALCOHOL CO-1214 ( P & G REF# IN20-138) (CUSTOMER PO#191, DT. 21.01.2021) (3X20 ISO TANKS)",Others,
CITRIC ACID ANHYDROUS (NOT FOR MEDICINAL USE INDUSTRIAL APPLICATION ONLY NOT FOR FOOD INDUSTRIES),Citric Acid,
CITRIC ACID MONOHYDRATE ( MESH 8-16 ) (NOT FOR FOOD AND MEDICINAL USE) ( FOR INDUSTRIAL USE ONLY ) (FOR PAINT INDUSTRIE,Citric Acid,
CITRIC ACID - ANY GRADE,Citric Acid,
"LAURYL ALCOHOL CO-1214 ( P & G REF# IN20-139) (CUSTOMER PO#191, DT. 21.01.2021) (2X20 ISO TANKS)",Others,
CITRIC ACID ANHYDROUS (Not for Medicinal Use),Citric Acid,
LAURYL ALCOHOL CO-1214 ((4X20 ISOTANK CONTAINERS)(CEPACERTNO.KN-2020-MICECA-26-001812 DT.31.12.2020),Others,
LAURYL ALCOHOL CO-1214 (7X20 ISOTANK CONTAINERS),Others,
"LAURYL ALCOHOL CO-1214 (IN20-111,PT01/IMPO/0025)(7 X 20 ISOTANK CONTAINERS)(1MTSX45325157143/USD/MTS)(MALAYSIA-INDIA COM",Others,
LAURYL ALCOHOL CO-1214 (MALAYSIA-INDIA CECA CERT KN-2020-MICECA-26-001810 DT.31.12.2020)(3 X 20 ISOTANK CONTAINERS),Others,
CITRIC ACID ANHYDROUS 30-100 MESH (NOT FOR MEDICINAL USE INDUSTRIAL APPLICATION ONLY NOT FOR FOOD INDUSTRIES),Citric Acid,
CITRIC ACID MONOHYDRATE (8-40 MESH) (NOT FOR MEDICINAL USE INDUSTRIAL APPLICATION ONLY NOT FOR FOOD INDUSTRIES),Citric Acid,
LAURYL ALCOHOL CO-1214 (MALAYSIA-INDIA CECA CERT KN-2021-MICECA-26-000107 DT.19.01.2021)(5 X 20 ISOTANK CONTAINERS),Others,
CITRIC ACID MONOHYDRATE,Citric Acid,
CITRIC ACID MONOHYDRATE(8-40 MESH) (NOT FOR FOOD INDUSTRY) (NOT FOR MEDICINAL USE),Citric Acid,
CITRIC ACID MONOHYDRATE,Citric Acid,
LAURYL ALCOHOL CO-1214 (MALAYSIA-INDIA CECA CERT KN-2021-MICECA-26-000187 DT.03.02.2021)(8 X 20 ISOTANK CONTAINERS),Others,
LAURYL ALCOHOL CO-1214 (MALAYSIA-INDIA CECA CERT NO.KN-2021-MICECA-26-000294 Dt.25.02.2021(7 X 20 ISOTANK CONTAINERS),Others,
SF 17009CAA CITRIC ACID 4.272KG 7UP,Citric Acid,
CITRIC ACID,Citric Acid,
CITRIC ACID,Citric Acid,
CITRIC ACID,Citric Acid,
"LAURYL ALCOHOL CO-1214 (P & G REF # IN20-090) (CUSTOMER PO#160, DATE 23.01.2021) (2X20' ISO TANKS)",Others,
CITRIC ACID ANHYDROUS 12-40 MESH,Citric Acid,
CITRIC ACID ANHYDROUS 12-40 MESH (SAMPLE FOR FSSAI),Citric Acid,
"Citric acid monohydrate cryst. EMPROVE ESSENTIAL Ph Eur,BP,JP,USP,E 330,FCC 1X25KG (1 PCS) (NOT FOR FOOD PRODUCT)",Citric Acid,
LAURYL ALCOHOL CO-1270AT/PO:4962740677/00010INDUSTRIAL FATTY ALCOHOL (LAURYL-MYRISTYL ALCOHOL),Fatty Alcohol,
CITRIC ACID ANHYDROUS INDUSTRIAL USE (NOT FOR MEDICINAL USE/ NOT FOR FOOD),Citric Acid,
CITRIC ACID ANHYDROUS 12-40 MESH,Citric Acid,
CITRIC ACID ANHYDROUS 12-40 MESH (SAMPLE FOR FSSAI),Citric Acid,
CITRIC ACID ANHYDROUS 30-100 MESH NOT FOR MEDICINAL USE,Citric Acid,
CITRIC ACID ANHYDROUS GRANULAR 12-40 MESH (AIFTA REFERENCE NO. AI2021-0007036 DT.11.02.2021),Citric Acid,
LAURYL ALCOHOL CO-1270AT/PO:4962740677/00010INDUSTRIAL FATTY ALCOHOL (LAURYL-MYRISTYL ALCOHOL),Fatty Alcohol,
LAURYL ALCOHOL CO-1270AT/PO:4962740677/00010INDUSTRIAL FATTY ALCOHOL (LAURYL-MYRISTYL ALCOHOL),Fatty Alcohol,
CITRIC ACID MONOHYDRATE (NOT FOR MEDICINAL USE),Citric Acid,
LAURYL ALCOHOL CO-1270AT/PO:4962740677/00010INDUSTRIAL FATTY ALCOHOL (LAURYL-MYRISTYL ALCOHOL),Fatty Alcohol,
LAURYL ALCOHOL CO-1270AT/PO:4962740677/00010INDUSTRIAL FATTY ALCOHOL (LAURYL-MYRISTYL ALCOHOL),Fatty Alcohol,
LAURYL CETYL ALCOHOL (C1216) (FLEXIBAGS,Others,
LAURYL CETYL ALCOHOL (C1216) (FLEXIBAGS,Others,
LAURYL CETYL ALCOHOL (MASCOL 26) (FLEXIBAGS,Others,
CITRIC ACID ANHYDROUS(NOT FOR MEDICINAL USE,Citric Acid,
CITRIC ACID MONOHYDRATE (NOT FOR MEDICINAL USE,Citric Acid,
CITRIC ACID ANHYDROUS (INV NO. HA20PA101-03929NM),Citric Acid,
CITRIC ACID ANHYDROUS,Citric Acid,
LAURYL CETYL ALCOHOL (MASCOL 26) (FLEXIBAGS,Others,
LAURYL CETYL ALCOHOL (MASCOL 26) (FLEXIBAGS,Others,
CITRIC ACID ANHYDROUS (NOT FOR MEDICINAL USE,Citric Acid,
CITRIC ACID MONOHYDRATE 8-40 MESH(NOT FOR MEDICINAL USE),Citric Acid,
LAURYL CETYL ALCOHOL (MASCOL 26) (FLEXIBAGS,Others,
LAURYL CETYL ALCOHOL (MASCOL 26) (FLEXIBAGS,Others,
LAURYL CETYL ALCOHOL (MASCOL 26) (FLEXIBAGS,Others,
LAURYL CETYL ALCOHOL (MASCOL 26) (FLEXIBAGS,Others,
LAURYL CETYL ALCOHOL (MASCOL 26) (FLEXIBAGS,Others,
LAURYL CETYL ALCOHOL (TANK CONTAINERS,Others,
CITRIC ACID MONOHYDRATE (NOT FOR MEDICINAL USE),Citric Acid,
CITRIC ACID MONOHYDRATE (NOT FOR MEDICINAL USE),Citric Acid,
CITRIC ACID MONOHYDRATE (NOT FOR MEDICINAL USE),Citric Acid,
CITRIC ACID MONOHYDRATE (NOT FOR MEDICINAL USE),Citric Acid,
CITRIC ACID MONOHYDRATE (NOT FOR MEDICINAL USE),Citric Acid,
CITRIC ACID MONOHYDRATE (NOT FOR MEDICINAL USE),Citric Acid,
CITRIC ACID MONOHYDRATE (NOT FOR MEDICINAL USE),Citric Acid,
CITRIC ACID MONOHYDRATE (NOT FOR MEDICINAL USE),Citric Acid,
CITRIC ACID MONOHYDRATE (NOT FOR MEDICINAL USE),Citric Acid,
CITRIC ACID MONOHYDRATE(NOT FOR MEDICAL USE),Citric Acid,
LAURYL CETYL ALCOHOL (TANK CONTAINERS,Others,
CITRIC ACID ANHYDROUS (BATCH NO. 20201204A6),Citric Acid,
CITRIC ACID ANHYDROUS (BATCH NO. 20201204A6)(SAMPLE FOR FSSAI),Citric Acid,
CITRIC ACID ANHYDROUS (BATCH NO. 20201206A6),Citric Acid,
CITRIC ACID ANHYDROUS (BATCH NO. 20201206A6)(SAMPLE FOR FSSAI),Citric Acid,
CITRIC ACID ANHYDROUS (BATCH NO. 20201206A7),Citric Acid,
CITRIC ACID ANHYDROUS (BATCH NO. 20201206A7)(SAMPLE FOR FSSAI),Citric Acid,
CITRIC ACID ANHYDROUS (BATCH NO. 20201207A6),Citric Acid,
CITRIC ACID ANHYDROUS (BATCH NO. 20201207A6)(SAMPLE FOR FSSAI),Citric Acid,
LAURYL CETYL ALCOHOL (TANK CONTAINERS,Others,
LAURYL CETYL ALCOHOL (TANK CONTAINERS,Others,
CITRIC ACID ANHYDROUS (BATCH NO. 20201208A6),Citric Acid,
CITRIC ACID ANHYDROUS (BATCH NO. 20201208A6)(SAMPLE FOR FSSAI),Citric Acid,
CITRIC ACID ANHYDROUS (BATCH NO. 20201208A7),Citric Acid,
CITRIC ACID ANHYDROUS (BATCH NO. 20201208A7)(SAMPLE FOR FSSAI),Citric Acid,
CITRIC ACID ANHYDROUS (BATCH NO. 20201209A6),Citric Acid,
CITRIC ACID ANHYDROUS (BATCH NO. 20201209A6)(SAMPLE FOR FSSAI),Citric Acid,
CITRIC ACID ANHYDROUS (BATCH NO. 20201209A7),Citric Acid,
CITRIC ACID ANHYDROUS (BATCH NO. 20201209A7)(SAMPLE FOR FSSAI),Citric Acid,
CITRIC ACID ANHYDROUS (NOT FOR FOOD INDUSTRY) (NOT FOR MEDICINAL USE),Citric Acid,
CITRIC ACID MONOHYDRATE (NOT FOR MEDICINAL USE),Citric Acid,
CITRIC ACID MONOHYDRATE 8-40 MESH (NOT FOR MEDICINAL USE ) (NOT FOR FOOD INDUSTRY),Citric Acid,
LAURYL CETYL ALCOHOL (TANK CONTAINERS,Others,
LAURYL CETYL ALCOHOL (TANK CONTAINERS,Others,
LAURYL CETYL ALCOHOL (TANK CONTAINERS,Others,
CITRIC ACID MONOHYDRATE 8-40 MESH (NOT FOR MEDICINAL USE),Citric Acid,
LAURYL CETYL ALCOHOL (TANK CONTAINERS,Others,
CITRIC ACID,Citric Acid,
LAURYL CETYL ALCOHOL (TANK CONTAINERS,Others,
LAURYL CETYL ALCOHOL (TANK CONTAINERS,Others,
CITRIC ACID ANHYDROUS (NOT FOR MEDICINAL USE),Citric Acid,
LAURYL CETYL ALCOHOL (TANK CONTAINERS,Others,
"Citric acid monohydrate cryst. EMPROVE ESSENTIAL Ph Eur,BP,JP,USP,E 330,FCC 1X25KG (1 PCS) (NOT FOR FOOD PRODUCT)",Citric Acid,
LAURYL CETYL ALCOHOL (TANK CONTAINERS,Others,
CITRIC ACID MONOHYDRATE ( MESH 8-16 ) (NOT FOR FOOD AND MEDICINAL USE) ( FOR INDUSTRIAL USE ONLY ) (FOR PAINT INDUSTRIE,Citric Acid,
CITIRIC ACID ANHYDROUS (NOT FOR MEDICINAL/FOOD USE),Others,
LAURYL CETYL ALCOHOL (TANK CONTAINERS,Others,
LAURYL CETYL ALCOHOL (TANK CONTAINERS,Others,
LAURYL CETYL ALCOHOL (TANK CONTAINERS,Others,
LAURYL CETYL ALCOHOL (TANK CONTAINERS,Others,
LAURYL CETYL ALCOHOL (TANK CONTAINERS,Others,
(R02200) CITRIC ACID (RAW MATERIAL FOR COSMETICS USE),Citric Acid,
LAURYL CETYL ALCOHOL (TANK CONTAINERS,Others,
CITRIC ACID ANHYDROUS 30-100MESH (NOT FOR MEDICINAL USE),Citric Acid,
CITRIC ACID MONOHYDRATE (8-16MESH) (NOT FOR MEDICINAL USE),Citric Acid,
LAURYL MYRISTYL ALCHOHOL (FLEXITANKS,Others,
CITRIC ACID ANHYDROUS 30-100 MESH,Citric Acid,
LAURYL MYRISTYL ALCHOHOL (FLEXITANKS,Others,
LAURYL MYRISTYL ALCHOHOL (FLEXITANKS,Others,
LAURYL MYRISTYL ALCOHOL,Others,
"CITRIC ACID (QTY: 1 X 200MG, PRICE: USD-275/-) (FOC)",Citric Acid,
CITRIC ACID ANHYDROUS (NOT FOR MEDICINAL USE),Citric Acid,
LAURYL MYRISTYL ALCOHOL,Others,
LAURYL MYRISTYL ALCOHOL,Others,
LAURYL MYRISTYL ALCOHOL,Others,
LAURYL MYRISTYL ALCOHOL,Others,
LAURYL MYRISTYL ALCOHOL,Others,
LAURYL MYRISTYL ALCOHOL,Others,
LAURYL MYRISTYL ALCOHOL,Others,
LAURYL MYRISTYL ALCOHOL (1214),Others,
CITRIC ACID ANHYDROUS 30-100 MESH (NOT FOR MEDICINAL USE INDUSTRIAL APPLICATION ONLY NOT FOR FOOD INDUSTRIES),Citric Acid,
LAURYL MYRISTYL ALCOHOL (1214),Others,
CITRIC ACID ANHYDRATE NOT FOR MEDICINAL USE,Citric Acid,
CITRIC ACID ANHYDRATE NOT FOR MEDICINAL USE,Citric Acid,
LAURYL MYRISTYL ALCOHOL (1214),Others,
LAURYL MYRISTYL ALCOHOL (1214),Others,
LAURYL MYRISTYL ALCOHOL (1214),Others,
LAURYL MYRISTYL ALCOHOL (ECOROL 24,Others,
CITRIC ACID ANHYDROUS(NOT FOR MEDICINAL USE,Citric Acid,
CITRIC ACID MONOHYDRATE (NOT FOR MEDICINAL USE,Citric Acid,
CITRIC ACID ANHYDROUS P250 PHARMA IN 20 KG BAGS,Citric Acid,
CITRIC ACID ANHYDROUS P250 PHARMA IN 20 KG BAGS,Citric Acid,
CITRIC ACID MONOHYDRATE-( NOT FOR MEDICINAL USE),Citric Acid,
LAURYL MYRISTYL ALCOHOL (ECOROL 24,Others,
LAURYL MYRISTYL ALCOHOL (ECOROL 24,Others,
LAURYL MYRISTYL ALCOHOL (ECOROL 24,Others,
LAURYL MYRISTYL ALCOHOL (ECOROL 24,Others,
LAURYL MYRISTYL ALCOHOL (ECOROL 24,Others,
CITRIC ACID ANHYDROUS ( NOT FOR MEDICINAL USE ),Citric Acid,
CITRIC ACID ANHYDROUS 12-40 MESH,Citric Acid,
CITRIC ACID ANHYDROUS 12-40 MESH (SAMPLE FOR FSSAI),Citric Acid,
CITRIC ACID MONOHYDRATE 8-40 MESH (NOT FOR MEDICINAL USE),Citric Acid,
LAURYL MYRISTYL ALCOHOL (ECOROL 24,Others,
LAURYL MYRISTYL ALCOHOL (FLEXIBAGS,Others,
LAURYL MYRISTYL ALCOHOL (FLEXIBAGS,Others,
LAURYL MYRISTYL ALCOHOL (FLEXIBAGS,Others,
CITRIC ACID MONOHYDRAT BP/EP/U F6000 (RAW MATERIAL FOR COSMETIC),Citric Acid,
LAURYL MYRISTYL ALCOHOL (FLEXITANKS,Others,
CITRIC ACID MONOHYDRATE (NOT FOR MEDICINAL USE),Citric Acid,
LAURYL MYRISTYL ALCOHOL (FLEXITANKS,Others,
LAURYL MYRISTYL ALCOHOL (FLEXITANKS,Others,
CITRIC ACID ANHYDROUS (NOT FOR MEDICINAL USE,Citric Acid,
CITRIC ACID MONOHYDRATE (NOT FOR MEDICINAL USE,Citric Acid,
209.2752MT CITRIC ACID ANHYDROUS 17009CAA (NOT FOR MEDICINALUSE),Citric Acid,
CITRIC ACID ANHYDROUS - NOT FOR MEDICINAL USE,Citric Acid,
CITRIC ACID ANHYDROUS 30-100 MESH NOT FOR MEDICINAL USE,Citric Acid,
CITRIC ACID MONOHYDRATE 8-16 MESH NOT FOR MEDICINAL USE,Citric Acid,
LAURYL MYRISTYL ALCOHOL (LA1214),Others,
LAURYL MYRISTYL ALCOHOL (LA1214),Others,
LAURYL MYRISTYL ALCOHOL (LA1214),Others,
LAURYL MYRISTYL ALCOHOL (LA1214),Others,
CITRIC ACID ANHYDROUS (NOT FOR MEDICINAL USE,Citric Acid,
"CITRIC ACID MONOHYDRATE (NOT FOR FOOD, FEED & MEDICINE USE)",Citric Acid,
CITRIC ACID MONOHYDRATE (NOT FOR MEDICINAL USE),Citric Acid,
LAURYL MYRISTYL ALCOHOL (MASCOL 24 LAURYL MYRISTYL ALCOHOL),Others,
LAURYL MYRISTYL ALCOHOL (MASCOL 24) (AIFTA NO. 0014825/BTM/2020 DT: 24.11.2020),Others,
LAURYL MYRISTYL ALCOHOL (MASCOL 24) (AIFTA NO. 0015105/BTM/2020 DT: 01.12.2020),Others,
LAURYL MYRISTYL ALCOHOL (MASCOL 24) (AIFTA NO. 0015247/BTM/2020 DT: 03.12.2020),Others,
LAURYL MYRISTYL ALCOHOL (MASCOL 24) (AIFTA NO. 0015250/BTM/2020 DT: 03.12.2020),Others,
LAURYL MYRISTYL ALCOHOL (MASCOL 24) (AIFTA NO. 0015942/BTM/2020 DT: 22.12.2020),Others,
LAURYL MYRISTYL ALCOHOL (MASCOL 24) (AIFTA NO.0001937/MDN/2021 DT: 18.01.2021),Others,
LAURYL MYRISTYL ALCOHOL (MASCOL 24) (AIFTA NO.0003310/BTM/2021 DT: 22.03.2021),Others,
LAURYL MYRISTYL ALCOHOL (MASCOL 24) (AIFTA NO.0005706/MDN/2021 DT: 16.02.2021),Others,
LAURYL MYRISTYL ALCOHOL (MASCOL 24) (AIFTA NO.0007588/MDN/2021 DT: 01.03.2021),Others,
LAURYL MYRISTYL ALCOHOL (MASCOL 24) (AIFTA NO.0008126/MDN/2021 DT: 03.03.2021),Others,
LAURYL MYRISTYL ALCOHOL (MASCOL 24) (AIFTA NO.0009838/MDN/2021 DT: 15.03.2021),Others,
LAURYL MYRISTYL ALCOHOL (MASCOL 24) (FLEXIBAGS,Others,
LAURYL MYRISTYL ALCOHOL (MASCOL 24) (FLEXIBAGS,Others,
LAURYL MYRISTYL ALCOHOL (MASCOL 24) (FLEXIBAGS,Others,
LAURYL MYRISTYL ALCOHOL (MASCOL 24) (FLEXIBAGS,Others,
NF CITRIC ACID ANHYDROUS SUPERSACK 17009 CAA FMS ## 17009CAA(NOT FOR MEDICINAL USE),Citric Acid,
CITRIC ACID ANHYDROUS (FINE GRANULAR) (NOT FOR MEDICINAL USE),Citric Acid,
CITRIC ACID MONOHYDRATE 8-40 MESH NOT FOR MEDICINAL USE (NDUSTRIAL APPLICATION ONLY),Citric Acid,
LAURYL MYRISTYL ALCOHOL (MASCOL 24) (FLEXIBAGS,Others,
CITRIC ACID ANHYDROUS,Citric Acid,
903724 CITRIC ACID (NCV SAMPLE),Citric Acid,
LAURYL MYRISTYL ALCOHOL (MASCOL 24) (FLEXIBAGS,Others,
LAURYL MYRISTYL ALCOHOL (MASCOL 24) (FLEXIBAGS,Others,
CITRIC ACID MONOHYDRATE 8-40 MESH (NOT FOR MEDICINAL USE),Citric Acid,
CITRIC ACID ANHYDROUS (FINE GRANULAR) (NOT FOR MEDICINAL USE),Citric Acid,
CITRIC ACID ANHYDROUS GRANULAR 12-40 MESH (AIFTA REFERENCE NO.AI2021-0010956 DT.02.03.2021),Citric Acid,
CITRIC ACID ANHYDROUS GRANULAR 12-40 MESH (AIFTA REFERENCE NO. AI2021-0010958 DT.02.03.2021),Citric Acid,
LAURYL MYRISTYL ALCOHOL (MASCOL 24) (FLEXIBAGS,Others,
CITRIC ACID ANHYDROUS 30-100 MESH (NOT FOR MEDICINAL USE),Citric Acid,
CITRIC ACID ANHYDROUS (NOT FOR MEDICINAL USE INDUSTRIAL APPLICATION ONLY NOT FOR FOOD INDUSTRIES),Citric Acid,
LAURYL MYRISTYL ALCOHOL (MASCOL 24) (FLEXIBAGS,Others,
LAURYL MYRISTYL ALCOHOL (MASCOL 24) (FLEXIBAGS,Others,
LAURYL MYRISTYL ALCOHOL (MASCOL 24) (FLEXIBAGS,Others,
LAURYL MYRISTYL ALCOHOL (MASCOL 24) (FLEXIBAGS,Others,
CITRIC ACID ANHYDROUS (NOT FOR MEDICINAL USE),Citric Acid,
CITRIC ACID ANHYDROUS,Citric Acid,
LAURYL MYRISTYL ALCOHOL (MASCOL 24) (FLEXIBAGS,Others,
CITRIC ACID ANHYDROUS 30-100 MESH [NOT FOR MEDICINAL USE],Citric Acid,
CITRIC ACID - ANY GRADE,Citric Acid,
LAURYL MYRISTYL ALCOHOL (MASCOL 24) (FLEXIBAGS,Others,
LAURYL MYRISTYL ALCOHOL (MASCOL 24) (FLEXIBAGS,Others,
LAURYL MYRISTYL ALCOHOL (MASCOL 24) (FLEXIBAGS,Others,
LAURYL MYRISTYL ALCOHOL (MASCOL 24) (FLEXIBAGS,Others,
CITRIC ACID ANHYDROUS (NOT FOR MEDICINAL USE,Citric Acid,
CITRIC ACID ( FOR PHARMACEUTICAL USE ONLY),Citric Acid,
CITRIC ACID ANHYDROUS 30-100 MESH (NOT FOR MEDICINAL USE INDUSTRIAL APPLICATION ONLY NOT FOR FOOD INDUSTRIES),Citric Acid,
CITRIC ACID MONOHYDRATE 8-16 MESH (NOT FOR MEDICINAL USE),Citric Acid,
LAURYL MYRISTYL ALCOHOL (MASCOL 24) (FLEXIBAGS,Others,
LAURYL MYRISTYL ALCOHOL (MASCOL 24) MB (FLEXIBAGS,Others,
CITRIC ACID ANHYDROUS (NOT FOR MEDICINAL USE,Citric Acid,
CITRIC ACID MONOHYDRATE 8-40 MESH (NOT FOR MEDICINAL USE),Citric Acid,
CITRIC ACID ANHYDROUS 30-100 MESH (NOT FOR MEDICINAL USE),Citric Acid,
CITRIC ACID MONOHYDRATE 8-40 MESH (NOT FOR MEDICINAL USE INDUSTRIAL APPLICATION ONLY NOT FOR FOOD INDUSTRIES),Citric Acid,
LAURYL MYRISTYL ALCOHOL (MASCOL 24) MB (FLEXIBAGS,Others,
CITRIC ACID ANHYDROUS - NOT FOR MEDICINAL USE,Citric Acid,
LAURYL MYRISTYL ALCOHOL (MASCOL 24) MB (FLEXIBAGS,Others,
CITRIC ACID MONOHYDRATE 8-40 MESH (NOT FOR MEDICINAL USE),Citric Acid,
CITRIC ACID ANHYDROUS 30-100 MESH-NOT FOR MEDICINAL USE- BATCH NO.3AX2102005 & 1AX2102508-NOC NO.DUALUSE.NOC/2021/19994,Citric Acid,
CITRIC ACID MONOHYDRATE 8-16 MESH-NOT FOR MEDICINAL USE- BATCH NO.2MD2101063-DUAL NOC NO.DUALUSE.NOC/2021/19994/11.3.21,Citric Acid,
CITRIC ACID MONOHYDRATE 8-40 MESH-NOT FOR MEDICINAL USE- BATCH NO.1MT2101555-DUAL NOC NO.DUALUSE.NOC/2021/19994/11.3.21,Citric Acid,
CITRIC ACID ANHYDROUS (Not for Medicinal Use),Citric Acid,
CITRIC ACID MONOHYDRATE 8-40 MESH (NOT FOR MEDICINAL USE),Citric Acid,
CITRIC ACID ANHYDROUS (NOT FOR MEDICINAL USE),Citric Acid,
CITRIC ACID MONOHYDRATE (NOT FOR MEDICINAL USE),Citric Acid,
CITRIC ACID MONOHYDRATE (NOT FOR MEDICINAL USE),Citric Acid,
16102 ANHYDROUS CITRIC ACID (ECO) (CRITIC ACID ) (RAW MATERIAL FOR COSMETICS USE),Citric Acid,
16102 ANHYDROUS CITRIC ACID (ECO) (CRITIC ACID ) (RAW MATERIAL FOR COSMETICS USE),Citric Acid,
LAURYL MYRISTYL ALCOHOL (MASCOL 24) MB (FLEXIBAGS,Others,
LAURYL MYRISTYL ALCOHOL (MASCOL 24) MB (FLEXIBAGS,Others,
CITRIC ACID ANHYDROUS 12-40 MESH,Citric Acid,
CITRIC ACID ANHYDROUS 12-40 MESH (SAMPLE FOR FSSAI),Citric Acid,
LAURYL MYRISTYL ALCOHOL (MASCOL 24) MB (FLEXIBAGS,Others,
LAURYL MYRISTYL ALCOHOL (MASCOL 24) MB (FLEXIBAGS,Others,
CITRIC ACID (NOT FOR HUMAN CONSUMPTION),Citric Acid,
100MT CITRIC ACID ANHYDROUS 17009CAA (NOT FOR MEDICINAL USE),Citric Acid,
LAURYL MYRISTYL ALCOHOL (MASCOL 24) MB (FLEXIBAGS,Others,
LAURYL MYRISTYL ALCOHOL (MASCOL 24) MB (FLEXIBAGS,Others,
LAURYL MYRISTYL ALCOHOL (MASCOL 24) MB (FLEXIBAGS,Others,
LAURYL MYRISTYL ALCOHOL (MASCOL 24) MB (FLEXIBAGS,Others,
LAURYL MYRISTYL ALCOHOL (MASCOL 24) MB (FLEXIBAGS,Others,
LAURYL MYRISTYL ALCOHOL (MASCOL 24) MB (FLEXIBAGS,Others,
CITRIC ACID ANHYDROUS 30-100 MESH (NOT FOR MEDICINAL USE),Citric Acid,
CITRIC ACID ANHYDROUS 30-100 MESH (NOT FOR MEDICINAL USE),Citric Acid,
CITRIC ACID MONOHYDRATE 8-40 MESH (NOT FOR MEDICINAL USE),Citric Acid,
LAURYL MYRISTYL ALCOHOL (MASCOL 24) MB (FLEXIBAGS,Others,
LAURYL MYRISTYL ALCOHOL (MASCOL 24) MB (FLEXIBAGS,Others,
100MT CITRIC ACID ANHYDROUS 17009CAA (NOT FOR MEDICINAL USE),Citric Acid,
LAURYL MYRISTYL ALCOHOL (MASCOL 24) MB (FLEXIBAGS,Others,
LAURYL MYRISTYL ALCOHOL (MASCOL 24) MB (FLEXIBAGS,Others,
CITRIC ACID ANHYDROUS 30-100 MESH (NOT INTENDED FOR FOOD & MEDICINAL USE),Citric Acid,
LAURYL MYRISTYL ALCOHOL (MASCOL 24) MB (FLEXIBAGS,Others,
LAURYL MYRISTYL ALCOHOL (MASCOL 24) MB (FLEXIBAGS,Others,
LAURYL MYRISTYL ALCOHOL (MASCOL 24) MB (FLEXIBAGS,Others,
LAURYL MYRISTYL ALCOHOL (MASCOL 24) MB (FLEXIBAGS,Others,
LAURYL MYRISTYL ALCOHOL (PALMEROL 1214 MB) (FLEXITANKS,Others,
LAURYL MYRISTYL ALCOHOL (PALMEROL 1214 MB) (FLEXITANKS,Others,
LAURYL MYRISTYL ALCOHOL (PALMEROL 1214 MB) (FLEXITANKS,Others,
LAURYL MYRISTYL ALCOHOL (PALMEROL 1214 MB) (FLEXITANKS,Others,
LAURYL MYRISTYL ALCOHOL (PALMEROL 1214 MB) (FLEXITANKS,Others,
LAURYL MYRISTYL ALCOHOL (PALMEROL 1214 MB) (FLEXITANKS,Others,
CITRIC ACID MONOHYDRATE 8-40 MESH (NOT FOR MEDICINAL USE),Citric Acid,
LAURYL MYRISTYL ALCOHOL (PALMEROL 1214 MB) (FLEXITANKS,Others,
LAURYL MYRISTYL ALCOHOL (PALMEROL 1214 MB) (FLEXITANKS,Others,
LAURYL MYRISTYL ALCOHOL (PALMEROL 1214 MB) (FLEXITANKS,Others,
LAURYL MYRISTYL ALCOHOL (PALMEROL 1214 MB) (FLEXITANKS,Others,
LAURYL MYRISTYL ALCOHOL (PALMEROL 1214 MB) (FLEXITANKS,Others,
CITRIC ACID ANHYDROUS 12-40 MESH,Citric Acid,
CITRIC ACID ANHYDROUS 12-40 MESH (SAMPLE FOR FSSAI),Citric Acid,
LAURYL MYRISTYL ALCOHOL (PALMEROL 1214 MB) (FLEXITANKS,Others,
CITRIC ACID MONOHYDRATE 8-16 MESH NOT FOR MEDICINAL USE,Citric Acid,
CITRIC ACID MONOHYDRATE 8-40 MESH NOT FOR MEDICINAL USE (FOR100% EOU UNIT),Citric Acid,
CITRIC ACID ANHYDROUS (30-100 MESH)(NOT INTENDED FOR FOOD &MEDICINAL USE),Citric Acid,
CITRIC ACID MONOHYDRATE (8-16 MESH)(NOT INTENDED FOR FOOD &MEDICINAL USE),Citric Acid,
CITRIC ACID ANHYDROUS - NON MEDICINAL USE ONLY,Citric Acid,
"C/6200/53 CITRIC ACID MONOHYDRATE, 99.8+%, EUR. PH., FOR ANALYSIS",Citric Acid,
CITRIC ACID MONOHYDRATE (8-40 MESH)(NOT INTENDED FOR FOOD &MEDICINAL USE),Citric Acid,
LAURYL MYRISTYL ALCOHOL (PALMEROL 1214 MB) (FLEXITANKS,Others,
CITRIC ACID MONOHYDRATE 8-40 MESH (NOT FOR MEDICINAL USE),Citric Acid,
LAURYL MYRISTYL ALCOHOL (PALMEROL 1214 MB) (FLEXITANKS,Others,
LAURYL MYRISTYL ALCOHOL (PALMEROL 1214 MB) (FLEXITANKS,Others,
LAURYL MYRISTYL ALCOHOL (PALMEROL 1214 MB) (FLEXITANKS,Others,
LAURYL MYRISTYL ALCOHOL (PALMEROL 1214 MB) (FLEXITANKS,Others,
LAURYL MYRISTYL ALCOHOL (PALMEROL 1214 MB) (FLEXITANKS,Others,
LAURYL MYRISTYL ALCOHOL (PALMEROL 1214 MB) (FLEXITANKS,Others,
Citric Acid Anhydrous Granular 12-40MESH 10045960 (QTY 20 MTS),Citric Acid,
CITRIC ACID ANHYDROUS (BATCH NO. 20201216A8),Citric Acid,
CITRIC ACID ANHYDROUS (BATCH NO. 20201216A8) (SAMPLE FOR FSSAI),Citric Acid,
CITRIC ACID ANHYDROUS (BATCH NO. 20201216A9),Citric Acid,
CITRIC ACID ANHYDROUS (BATCH NO. 20201216A9) (SAMPLE FOR FSSAI),Citric Acid,
CITRIC ACID ANHYDROUS (BATCH NO. 20201217A6),Citric Acid,
CITRIC ACID ANHYDROUS (BATCH NO. 20201217A6) (SAMPLE FOR FSSAI),Citric Acid,
CITRIC ACID ANHYDROUS (BATCH NO. 20201218A6),Citric Acid,
CITRIC ACID ANHYDROUS (BATCH NO. 20201218A6) (SAMPLE FOR FSSAI),Citric Acid,
LAURYL MYRISTYL ALCOHOL (PALMEROL 1214 MB) (FLEXITANKS,Others,
LAURYL MYRISTYL ALCOHOL (PALMEROL 1214 MB) (FLEXITANKS,Others,
CITRIC ACID ANHYDROUS (NOT FOR MEDICINAL USE),Citric Acid,
CITRIC ACID ANHYDROUS (BATCH NO. 20201213A8),Citric Acid,
CITRIC ACID ANHYDROUS (BATCH NO. 20201213A8) (SAMPLE FOR FSSAI),Citric Acid,
CITRIC ACID ANHYDROUS (BATCH NO. 20201214A6),Citric Acid,
CITRIC ACID ANHYDROUS (BATCH NO. 20201214A6) (SAMPLE FOR FSSAI),Citric Acid,
CITRIC ACID ANHYDROUS (BATCH NO. 20201214A7),Citric Acid,
CITRIC ACID ANHYDROUS (BATCH NO. 20201214A7) (SAMPLE FOR FSSAI),Citric Acid,
CITRIC ACID ANHYDROUS (BATCH NO. 20201215A6),Citric Acid,
CITRIC ACID ANHYDROUS (BATCH NO. 20201215A6) (SAMPLE FOR FSSAI),Citric Acid,
CITRIC ACID ANHYDROUS (NOT FOR MEDICINAL USE),Citric Acid,
CITRIC ACID ANHYDROUS 30-100 MESH (NOT FOR MEDICINAL USE),Citric Acid,
CITRIC ACID MONOHYDRATE 8-40 MESH (NOT FOR MEDICINAL USE),Citric Acid,
LAURYL MYRISTYL ALCOHOL (PALMEROL 1214 MB) (FLEXITANKS,Others,
LAURYL MYRISTYL ALCOHOL (PALMEROL 1214 MB) (FLEXITANKS,Others,
LAURYL MYRISTYL ALCOHOL (PALMEROL 1214 MB) (FLEXITANKS,Others,
LAURYL MYRISTYL ALCOHOL (PALMEROL 1214 MB) (FLEXITANKS,Others,
CITRIC ACID - ANY GRADE,Citric Acid,
LAURYL MYRISTYL ALCOHOL (PALMEROL 1214 MB) (FLEXITANKS,Others,
LAURYL MYRISTYL ALCOHOL -1214 (ECOROL 24) (1 FLEXI TANK CONTAINER),Others,
LAURYL MYRISTYL ALCOHOL -1214 (ECOROL 24) (1 FLEXI TANK CONTAINER),Others,
LAURYL MYRISTYL ALCOHOL -1214 (ECOROL 24) (1 FLEXI TANK CONTAINER),Others,
LAURYL MYRISTYL ALCOHOL -1214 (ECOROL 24) (1 FLEXI TANK CONTAINER),Others,
LAURYL MYRISTYL ALCOHOL/RSPO-MB (MASCOL 24) (AIFTA NO.0013546/MDN/2021 DT: 09.04.2021),Others,
CITRIC ACID ANHYDROUS 30-100 MESH (NOT FOR MEDICINAL USE INDUSTRIAL APPLICATION ONLY NOT FOR FOOD INDUSTRIES),Citric Acid,
CITRIC ACID MONOHYDRATE (8-40 MESH) (NOT FOR MEDICINAL USE INDUSTRIAL APPLICATION ONLY NOT FOR FOOD INDUSTRIES),Citric Acid,
LAURYL STEARYL ALCOHOL (C1218) (FLEXIBAGS,Others,
LAURYL STEARYL ALCOHOL (C1218) (FLEXIBAGS,Others,
"CITRIC ACID MONOHYDRATE [NOT FOR MEDICINAL USE ,NOT FOR FOOD USE, ONLY FOR INDUSTRIAL PURPOSE]",Citric Acid,
LAURYL STEARYL ALCOHOL (C1218) (FLEXIBAGS,Others,
LAURYL STEARYL ALCOHOL (C1218) (FLEXIBAGS,Others,
LAURYL STEARYL ALCOHOL (C1218) (FLEXIBAGS,Others,
LIAL 125 (C12 C15 ALCOHOL) ISO TANK,Others,
MASCOL 24 LAURYL MYRISTYL ALCOHOL (GOODS PACKED IN 4 FLEXI BAGS TL/BD) (ASEAN-INDIA FTA:0002683/MDN/2021 DT:22-01-2021),Others,
MASCOL 24 LAURYL MYRISTYL ALCOHOL (GOODS PACKED IN 5 FLEXI BAGS TL/BD) (ASEAN-INDIA FTA:0001474/MDN/2021 DT:13-01-2021),Others,
CITRIC ACID ANHYDROUS Not for Medicinal Use,Citric Acid,
"Citric acid monohydrate cryst. EMPROVE ESSENTIAL Ph Eur,BP,ChP,JP,USP,E 330,FCC 117X5KG (117 PCS) (NOT FOR FOOD PRODUCT",Citric Acid,
"Citric acid monohydrate cryst. EMPROVE ESSENTIAL Ph Eur,BP,ChP,JP,USP,E 330,FCC 1X25KG (1 PCS) (NOT FOR FOOD PRODUCT)",Citric Acid,
"Citric acid monohydrate cryst. EMPROVE ESSENTIAL Ph Eur,BP,ChP,JP,USP,E 330,FCC 4X25KG (4 PCS) (NOT FOR FOOD PRODUCT)",Citric Acid,
"Citric acid monohydrate cryst. EMPROVE ESSENTIAL Ph Eur,BP,ChP,JP,USP,E 330,FCC 9X5KG (9 PCS) (NOT FOR FOOD PRODUCT)",Citric Acid,
MASCOL 24 LAURYL MYRISTYL ALCOHOL (GOODS PACKED IN 5 FLEXI BAGS TL/BD) (ASEAN-INDIA FTA:0004447/MDN/2021 DT:05-02-2021),Others,
MASCOL 24 LAURYL MYRISTYL ALCOHOL (GOODS PACKED IN 5 FLEXI BAGS TL/BD) (ASEAN-INDIA FTA:0004501/MDN/2021 DT:05.02.2021),Others,
MASCOL 24 LAURYL MYRISTYL ALCOHOL (GOODS PACKED IN 5 FLEXI BAGS TL/BD) (ASEAN-INDIA FTA:0009481/MDN/2021 DT.12.03.2021),Others,
MASCOL 24 LAURYL MYRISTYL ALCOHOL (GOODS PACKED IN 6 FLEXI BAGS TL/BD) (ASEAN-INDIA FTA:0002017/MDN/2021 DT:18-01-2021),Others,
CITRIC ACID MONOHYDRATE 8-40 MESH (NOT FOR MEDICINAL USE),Citric Acid,
CITRIC ACID MONOHYDRATE 8-40 MESH (NOT FOR MEDICINAL USE),Citric Acid,
CITRIC ACID MONOHYDRATE,Citric Acid,
CITRIC ACID MONOHYDRATE,Citric Acid,
MASCOL 24 LAURYL MYRISTYL ALCOHOL (GOODS PACKED IN 6 FLEXI BAGS TL/BD) (ASEAN-INDIA FTA:0004042/BTM/2021 Dt.08.04.2021),Others,
CITRIC ACID MONOHYDRATE (NOT FOR MEDICINAL USE),Citric Acid,
CITRIC ACID MONOHYDRATE (NOT FOR MEDICINAL USE),Citric Acid,
CITRIC ACID MONOHYDRATE (NOT FOR MEDICINAL USE),Citric Acid,
CITRIC ACID MONOHYDRATE (NOT FOR MEDICINAL USE),Citric Acid,
CITRIC ACID MONOHYDRATE (NOT FOR MEDICINAL USE),Citric Acid,
CITRIC ACID MONOHYDRATE (NOT FOR MEDICINAL USE),Citric Acid,
MASCOL 24 LAURYL MYRISTYL ALCOHOL PACKING: FLEXIBAGS- TL/BD(ASEAN-INDIA FTA NO- 0002640/BTM/2021 DTD: 08.03.2021),Others,
MASCOL 24 LAURYL MYRISTYL ALCOHOL/RSPO-MB (ASEAN-INDIA FTA CERT NO.0007749/MDN/2021 DTD 02.03.2021) (GOODS PACKED IN 5 F,Others,
MASCOL 24 LAURYL MYRISTYL ALCOHOL/RSPO-MB (GOODS PACKED IN 2FLEXI BAGS TL/BD(2X20) (ASEAN-INDIA FTA NO.0003928/BTM/2021,Others,
MASCOL 24 LAURYL MYRISTYL ALCOHOL/RSPO-MB (GOODS PACKED IN 4FLEXI BAGS TL/BD(4X20) (ASEAN-INDIA 0010743/MDN/2021 Dt. 22,Others,
MASCOL 24 LAURYL MYRISTYL ALCOHOL/RSPO-MB (GOODS PACKED IN 5FLEXI BAGS TL/BD(5X20) (ASEAN-INDIA .0005144/MDN/2021 DT.1,Others,
MASCOL 24 LAURYL MYRISTYL ALCOHOL/RSPO-MB (GOODS PACKED IN 5FLEXI BAGS TL/BD(5X20)(ASEAN-INDIA 0008482/MDN/2021 DT:05/0,Others,
MASCOL 24 LAURYL MYRISTYL ALCOHOL/RSPO-MB (GOODS PACKED IN 5X20 FLEXIBAGS) (ASEAN-INDIA FTA: 0005151/MDN/2021 DT.10.02.,Others,
MASCOL 24 LAURYL MYRISTYL ALCOHOL/RSPO-MB (GOODS PACKED IN 6FLEXI BAGS TL/BD(2X20) (ASEAN-INDIA FTA NO.0015748/MDN/2021,Others,
MASCOL 24 LAURYL MYRISTYL ALCOHOL/RSPO-MB (GOODS PACKED IN6 FLEXIBAGS) (ASEAN-INDIA FTA: 0012996/MDN/2021 Dt.06.04.20,Others,
MASCOL 24 LAURYL MYRISTYL ALCOHOL/RSPO-MB PACKED IN 6 FLEXIBAGS TL/BD(6X20) (ASEAN-INDIA FTA NO.0013869/MDN/2021 Dt.12.,Others,
CITRIC ACID ANHYDROUS (NOT FOR MEDICINAL USE),Citric Acid,
MASCOL 24 LAURYL MYRISTYL ALCOHOL/RSPO-MB PACKED IN 6 FLEXIBAGS TL/BD(6X20) (ASEAN-INDIA FTA NO.0015586/MDN/2021 Dt.22.,Others,
CITRIC ACID ANHYDROUS (NOT FOR MEDICINAL USE,Citric Acid,
CITRIC ACID ANHYDROUS (NOT FOR MEDICINAL USE,Citric Acid,
CITRIC ACID MONOHYDRATE (NOT FOR MEDICINAL USE,Citric Acid,
CITRIC ACID MONOHYDRATE 8-40 MESH NOT FOR MEDICINAL USE (INDUSTRIAL APPLICATION ONLY),Citric Acid,
CITRIC ACID MONOHYDRATE 8-40 MESH NOT FOR MEDICINAL USE (INDUSTRIAL APPLICATION ONLY),Citric Acid,
MASCOL 24 LAURYL MYRISTYL ALCOHOL/RSPO-MB-FLEXI TANK,Others,
MASCOL 24 LAURYL MYRISTYL ALCOHOL/RSPO-MB-FLEXI TANK,Others,
MASCOL 24 LAURYL MYRISTYL ALCOHOL/RSPO-MB-FLEXI TANK,Others,
CITRIC ACID ANHYDROUS,Citric Acid,
CITRIC ACID MONOHYDRATE 8-40 MESH (NOT FOR MEDICINAL USE),Citric Acid,
MASCOL 24 LAURYL MYRISTYL ALCOHOL/RSPO-MB-FLEXI TANK,Others,
MASCOL 24 LAURYL MYRISTYL ALCOHOL/RSPO-MB-FLEXI TANK,Others,
MASCOL 24 LAURYL MYRISTYL ALCOHOL-FLEXI TANK,Others,
MASCOL 24 LAURYL MYRISTYL ALCOHOL-FLEXI TANK,Others,
MASCOL 24 LAURYL MYRISTYL ALCOHOL-FLEXI TANK,Others,
MASCOL 24 LAURYL MYRISTYL ALCOHOL-FLEXI TANK,Others,
MASCOL 24 LAURYL MYRISTYL ALCOHOL-FLEXI TANK,Others,
CITRIC ACID ANHYDROUS (30-100 MESH) (NOT FOR MEDICINAL USE)(CDSCO NOC NO. - NOC/NZ/2021/000406),Citric Acid,
CITRIC ACID MONOHYDRATE (8-40 MESH) (NOT FOR MEDICINAL USE)(CDSCO NOC NO. - NOC/NZ/2021/000395),Citric Acid,
CITRIC ACID MONOHYDRATE (NOT FOR MEDICINAL USE,Citric Acid,
CITRIC ACID ANHYDROUS (NOT FOR MEDICINAL USE,Citric Acid,
MASCOL 24 LAURYL MYRISTYL ALCOHOL-FLEXI TANK,Others,
MASCOL 24 LAURYL MYRISTYL ALCOHOL-FLEXI TANK,Others,
MASCOL 24 LAURYL MYRISTYL ALCOHOL-FLEXI TANK,Others,
CITRIC ACID MONOHYDRATE 8-40 MESH (NOT FOR MEDICINAL USE),Citric Acid,
CITRIC ACID ANHYDROUS 30-100 MESH (NOT FOR MEDICINAL USE),Citric Acid,
CITRIC ACID MONOHYDRATE 8-40 MESH (NOT FOR MEDICINAL USE),Citric Acid,
CITRIC ACID ANHYDROUS 30-100 MESH [NOT FOR MEDICINAL USE],Citric Acid,
CITRIC ACID ANHYDROUS 12-40 MESH,Citric Acid,
CITRIC ACID ANHYDROUS 12-40 MESH (SAMPLE FOR FSSAI),Citric Acid,
CITRIC ACID ANHYDROUS 12-40 MESH,Citric Acid,
CITRIC ACID ANHYDROUS 12-40 MESH (SAMPLE FOR FSSAI),Citric Acid,
CITRIC ACID MONOHYDRATE 8-40MESH [NOT FOR MEDICINAL USE],Citric Acid,
CITRIC ACID MONOHYDRATE [NOT FOR MEDICINAL USE],Citric Acid,
MASCOL 24 LAURYL MYRISTYL ALCOHOL-FLEXI TANK,Others,
MASCOL 24 LAURYL MYRISTYL ALCOHOL-FLEXI TANK,Others,
MASCOL 24 LAURYL MYRISTYL ALCOHOL-FLEXI TANK,Others,
CITRIC ACID ANHYDROUS - NON MEDICINAL USE ONLY,Citric Acid,
CITRIC ACID ANHYDROUS 30-100 MESH (NOT FOR MEDICINAL USE),Citric Acid,
CITRIC ACID ANHYDROUS 30-100 MESH (NOT FOR MEDICINAL USE),Citric Acid,
CITRIC ACID ANHYDROUS (Not for Medicinal Use),Citric Acid,
CITRIC ACID MONOHYDRATE 8-40 MESH (ENSIGH BRAND),Citric Acid,
MASCOL 24 LAURYL MYRISTYL ALCOHOL-FLEXI TANK,Others,
MASCOL 24 LAURYL MYRISTYL ALCOHOL-FLEXI TANK,Others,
MASCOL 24 LAURYL MYRISTYL ALCOHOL-FLEXI TANK,Others,
MASCOL 24 LAURYL MYRISTYL ALCOHOL-FLEXI TANK,Others,
"Citric acid monohydrate cryst. EMPROVE ESSENTIAL Ph Eur,BP,JP,USP,E 330,FCC 1X5KG (1 PCS) (NOT FOR FOOD PRODUCT)",Citric Acid,
"Citric acid monohydrate cryst. EMPROVE ESSENTIAL Ph Eur,BP,JP,USP,E 330,FCC 1X5KG (1 PCS) (NOT FOR FOOD PRODUCT)",Citric Acid,
"Citric acid monohydrate cryst. EMPROVE ESSENTIAL Ph Eur,BP,JP,USP,E 330,FCC 1X5KG (1 PCS) (NOT FOR FOOD PRODUCT)",Citric Acid,
"Citric acid monohydrate cryst. EMPROVE ESSENTIAL Ph Eur,BP,JP,USP,E 330,FCC 1X5KG (1 PCS) (NOT FOR FOOD PRODUCT)",Citric Acid,
MASCOL 24 LAURYL MYRISTYL ALCOHOL-FLEXI TANK,Others,
MASCOL 24 LAURYL MYRISTYL ALCOHOL-FLEXI TANK,Others,
MASCOL 24 LAURYL MYRISTYL ALCOHOL-FLEXI TANK,Others,
MASCOL 24 LAURYL MYRISTYL ALCOHOL-FLEXI TANK,Others,
MASCOL 24 LAURYL MYRISTYL ALCOHOL-FLEXI TANK,Others,
MASCOL 24 LAURYL MYRISTYL ALCOHOL-FLEXI TANK,Others,
CITRIC ACID ANHYDROUS (NOT FOR FOOD INDUSTRY) (NOT FOR MEDICINAL USE),Citric Acid,
MASCOL 24 LAURYL MYRISTYL ALCOHOL-FLEXI TANK,Others,
"Citric acid monohydrate cryst. EMPROVE ESSENTIAL Ph Eur,BP,ChP,JP,USP,E 330,FCC 56X5KG (56 PCS) (NOT FOR FOOD PRODUCT)",Citric Acid,
"Citric acid monohydrate powder EMPROVE ESSENTIAL Ph Eur,BP,ChP,JP,USP,E 330,FCC 18X25KG (18 PCS) (NOT FOR FOOD PRODUCT)",Citric Acid,
MASCOL 24 LAURYL MYRISTYL ALCOHOL-FLEXI TANK,Others,
MASCOL 24 LAURYL MYRISTYL ALCOHOL-FLEXI TANK,Others,
CITRIC ACID MONOHYDRATE (NOT FOR MEDICINAL USE),Citric Acid,
CITRIC ACID ANHYDROUS 12-40 MESH,Citric Acid,
CITRIC ACID ANHYDROUS 12-40 MESH (SAMPLE FOR FSSAI),Citric Acid,
CHLOROACETALDEHYDE 45 % SOLUTION,Others,
CITRIC ACID MONOHYDRATE [NOT FOR MEDICINAL USE],Citric Acid,
CITRIC ACID MONOHYDRATE (ENSIGN),Citric Acid,
MASCOL 24 LAURYL MYRISTYL ALCOHOL-FLEXI TANK,Others,
MASCOL 26 LAURYL MYRISTYL ALCOHOL -FLEXI TANK,Others,
MASCOL 28 LAURYL STEARYL ALCOHOL /TL-BD (GOODS PACKED IN 6 FLEXIBAGS) (ASEAN-INDIA FTA: 0009750/MDN/2021 Dt.15.03.2021),Others,
MASCOL 28 LAURYL STEARYL ALCOHOL /TL-BD (GOODS PACKED IN 7 FLEXIBAGS) (ASEAN-INDIA FTA: 0011622/MDN/2021 Dt.26.03.2021),Others,
MASCOL 28 LAURYL STEARYL ALCOHOL /TL-BD (GOODS PACKED IN FLEXIBAGS) (ASEAN-INDIA FTA: 0005691/MDN/2021 DT: 16.02.2020),Others,
MASCOL 28 LAURYL STEARYL ALCOHOL /TL-BD (GOODS PACKED IN FLEXIBAGS) (ASEAN-INDIA FTA: 0007262/MDN/2021 Dt.25.02.2021),Others,
MASCOL 28 LAURYL STEARYL ALCOHOL/RSPO-MB-FLEXI TANK,Others,
CITRIC ACID ANHYDROUS 12-40 MESH,Citric Acid,
CITRIC ACID ANHYDROUS 12-40 MESH (SAMPLE FOR FSSAI),Citric Acid,
CITRIC ACID ANHYDROUS 12-40 MESH,Citric Acid,
CITRIC ACID ANHYDROUS 12-40 MESH (SAMPLE FOR FSSAI),Citric Acid,
MASCOL 28 LAURYL STEARYL ALCOHOL/RSPO-MB-FLEXI TANK,Others,
MASCOL 28 LAURYL STEARYL ALCOHOL/RSPO-MB-FLEXI TANK,Others,
CITRIC ACID ANHYDROUS 12-40 MESH,Citric Acid,
CITRIC ACID ANHYDROUS 12-40 MESH (SAMPLE FOR FSSAI),Citric Acid,
MASCOL 28 LAURYL STEARYL ALCOHOL/RSPO-MB-FLEXI TANK,Others,
MASCOL 28 LAURYL STEARYL ALCOHOL/RSPO-MB-FLEXI TANK,Others,
MASCOL 28 LAURYL STEARYL ALCOHOL/RSPO-MB-FLEXI TANK,Others,
MASCOL 28 LAURYL STEARYL ALCOHOL-FLEXI TANK,Others,
MASCOL 28 LAURYL STEARYL ALCOHOL-FLEXI TANK,Others,
MASCOL 28 LAURYL STEARYL ALCOHOL-FLEXI TANK,Others,
MASCOL 28 LAURYL STEARYL ALCOHOL-FLEXI TANK,Others,
MASCOL 28 LAURYL STEARYL ALCOHOL-FLEXI TANK,Others,
CITRIC ACID MONOHYDRATE 8-40 MESH (NOT FOR MEDICINAL USE),Citric Acid,
MASCOL 28 LAURYL STEARYL ALCOHOL-FLEXI TANK,Others,
CITRIC ACID ANHYDROUS 12-40 MESH (NOT FOR MEDICINAL USE INDUSTRIAL APPLICATION ONLY NOT FOR FOOD INDUSTRIES),Citric Acid,
CITRIC ACID ANHYDROUS 30-100 MESH (NOT FOR MEDICINAL USE INDUSTRIAL APPLICATION ONLY NOT FOR FOOD INDUSTRIES),Citric Acid,
CITRIC ACID ANHYDROUS,Citric Acid,
MASCOL 28 LAURYL STEARYL ALCOHOL-FLEXI TANK,Others,
IR70001 CITRIC ACID MONOHYDRATE USP/EP/FCC/CHP-,Citric Acid,
CITRIC ACID MONOHYDRATE 8-40 MESH,Citric Acid,
MASCOL 28 LAURYL STEARYL ALCOHOL-FLEXI TANK,Others,
NAFOL 1214 S (ALCOHOL BLEND C12-C14),Others,
NAFOL 1618 ES ( ALCOHOL BLEND C16-C18 ) (14255/1618ES1),Others,
(R02200) CITRIC ACID (RAW MATERIAL FOR COSMETICS USE),Citric Acid,
CITRIC ACID ANHYDROUS 12-40 MESH,Citric Acid,
CITRIC ACID ANHYDROUS 12-40 MESH (SAMPLE FOR FSSAI),Citric Acid,
NAFOL 1618 ES ( ALCOHOL BLEND C16-C18 ) (14255/1618ES1),Others,
NAFOL 1618 ES ( ALCOHOL BLEND C16-C18 ) (14255/1618ES1),Others,
NAFOL 1618 ES ( ALCOHOL BLEND C16-C18 ) (14255/1618ES1),Others,
NAFOL 1618 ES ( ALCOHOL BLEND C16-C18 ) (14255/1618ES1),Others,
CITRIC ACID MONOHYDRATE 8-40 MESH NOT FOR MEDICINAL USE (NDUSTRIAL APPLICATION ONLY),Citric Acid,
CITRIC ACID MONOHYDRATE 8-40 MESH (NOT FOR MEDICINAL USE),Citric Acid,
NAFOL 1618 JA RSPO-MB (ALCOHOL BLEND C16-18) (RAW MATERIAL FOR COSMETIC),Others,
NAFOL 1618 JA RSPO-MB (ALCOHOL BLEND C16-C18) (RAW MATERIALFOR COSMETIC),Others,
"NAFOL 1618 JA RSPO-MB-(ALCOHOL BLEND C16-C18)PRODUCT NUMBER-17804/1618JA4-00137-90000-00,PE(POLYETHYLENE)",Others,
CITRIC ACID MONOHYDRATE ( MESH 8-16 ) (NOT FOR FOOD AND MEDICINAL USE) ( FOR INDUSTRIAL USE ONLY ) (FOR PAINT INDUSTRIE,Citric Acid,
NAFOL 2022 EN ( ALCOHOL BLEND C18-C24 ) (15140/2022EN2),Others,
CITRIC ACID ANHYDROUS 12-40 MESH,Citric Acid,
CITRIC ACID ANHYDROUS 12-40 MESH (SAMPLE FOR FSSAI),Citric Acid,
CITRIC ACID MONOHYDRATE 8-40 MESH(NOT FOR MEDICINAL USE),Citric Acid,
NAFOL 2022 EN ( ALCOHOL BLEND C18-C24 ) (15140/2022EN2),Others,
NAFOL 2022 EN ( ALCOHOL BLEND C18-C24) (15140/2022EN2),Others,
NEODOL 23 NEO23.09 (LINEAR PRIMARY ALCOHOL) (4 NOS),Others,
NEODOL 25 ( 02 ISO TANKS ONLY),Others,
CITRIC ACID MONOHYDRATE 8-40 MESH NOT FOR MEDICINAL USE (INDUSTRIAL APPLICATION ONLY),Citric Acid,
CITRIC ACID MONOHYDRATE (NOT FOR MEDICINAL USE,Citric Acid,
CITRIC ACID MONOHYDRATE 8-40 MESH NOT FOR MEDICINAL USE,Citric Acid,
CITRIC ACID MONOHYDRATE 8-16 MESH(NOT FOR MEDICINAL USE),Citric Acid,
NEODOL 25 (C12 TO C15 ALCOHOL) (LINEAR PRIMARY ALCOHOL) (ISOTANK CONTAINER) (SYNTHETIC ALCOHOLS),Others,
CITRIC ACID ANHYDROUS 30-100 MESH (NOT FOR MEDICINAL USE),Citric Acid,
CITRIC ACID MONOHYDRATE 8-40 MESH (NOT FOR MEDICINAL USE),Citric Acid,
"CITIRIC ACID ANHYDROUS,INDUSTRIAL RAW MATERIAL NOT FOR MEDICINAL/DIRECT HUMAN CONSUMPTION)",Others,
CITRIC ACID MONOHYDRATE 8-40 MESH (NOT FOR MEDICINAL USE),Citric Acid,
"NEODOL 25 (SYNTHETIC ALCOHOLS) (01 ISO TANK) (HAZ : UN 3082,CLASS 9, PG III)",Others,
CITRIC ACID ANHYDROUS 12-40 MESH,Citric Acid,
CITRIC ACID ANHYDROUS 12-40 MESH (SAMPLE FOR FSSAI),Citric Acid,
CITRIC ACID ANHYDROUS 12-40 MESH,Citric Acid,
CITRIC ACID ANHYDROUS 12-40 MESH (SAMPLE FOR FSSAI),Citric Acid,
CITRIC ACID ANHYDROUS 12-40 MESH (NOT FOR MEDICINAL USE INDUSTRIAL APPLICATION ONLY NOT FOR FOOD INDUSTRIES),Citric Acid,
CITRIC ACID ANHYDROUS 30-100 MESH (NOT FOR MEDICINAL USE INDUSTRIAL APPLICATION ONLY NOT FOR FOOD INDUSTRIES),Citric Acid,
CITRIC ACID MONOHYDRATE (8-40 MESH) (NOT FOR MEDICINAL USE INDUSTRIAL APPLICATION ONLY NOT FOR FOOD INDUSTRIES),Citric Acid,
"NEODOL 25 (SYNTHETIC ALCOHOLS) (01 ISO TANK) (HAZ : UN 3082,CLASS 9, PG III)",Others,
"NEODOL 25 (SYNTHETIC ALCOHOLS) (01 ISO TANK) (HAZ : UN 3082,CLASS 9, PG III)",Others,
NEODOL 25 (SYNTHETIC ALCOHOLS) (1 ISO TANK),Others,
CITRIC ACID ANHYDROUS( NOT FOR MEDICINAL USE),Citric Acid,
CITRIC ACID ANHYDROUS 30-100 MESH (NOT FOR MEDICINAL USE INDUSTRIAL APPLICATION ONLY NOT FOR FOOD INDUSTRIES),Citric Acid,
CITRIC ACID MONOHYDRATE (NOT FOR MEDICINAL USE),Citric Acid,
CITRIC ACID MONOHYDRATE (NOT FOR MEDICINAL USE),Citric Acid,
CITRIC ACID ANHYDROUS 30-100 MESH,Citric Acid,
CITRIC ACID MONOHYDRATE 8-40 MESH,Citric Acid,
NEODOL 25 (SYNTHETIC ALCOHOLS) (1 ISO TANK) (DG UN 3082 CLASS 9 PG III),Others,
CITRIC ACID MONOHYDRATE (NOT FOR MEDICINAL USE),Citric Acid,
CITRIC ACID MONOHYDRATE (NOT FOR MEDICINAL USE),Citric Acid,
CITRIC ACID MONOHYDRATE,Citric Acid,
CITRIC ACID MONOHYDRATE,Citric Acid,
"Citric acid monohydrate cryst. EMPROVE ESSENTIAL Ph Eur,BP,ChP,JP,USP,E 330,FCC 56X5KG (56 PCS) (NOT FOR FOOD PRODUCT)",Citric Acid,
"Citric acid monohydrate powder EMPROVE ESSENTIAL Ph Eur,BP,ChP,JP,USP,E 330,FCC 18X25KG (18 PCS) (NOT FOR FOOD PRODUCT)",Citric Acid,
NEODOL 25 (SYNTHETIC ALCOHOLS) (DG UN 3082 CLASS 9 PG III),Others,
"Citric acid monohydrate cryst. EMPROVE ESSENTIAL Ph Eur,BP,JP,USP,E 330,FCC 1X5KG (1 PCS) (NOT FOR FOOD PRODUCT)",Citric Acid,
"Citric acid monohydrate cryst. EMPROVE ESSENTIAL Ph Eur,BP,JP,USP,E 330,FCC 1X5KG (1 PCS) (NOT FOR FOOD PRODUCT)",Citric Acid,
"Citric acid monohydrate cryst. EMPROVE ESSENTIAL Ph Eur,BP,JP,USP,E 330,FCC 1X5KG (1 PCS) (NOT FOR FOOD PRODUCT)",Citric Acid,
"Citric acid monohydrate cryst. EMPROVE ESSENTIAL Ph Eur,BP,JP,USP,E 330,FCC 1X5KG (1 PCS) (NOT FOR FOOD PRODUCT)",Citric Acid,
NEODOL 25 (SYNTHETIC ALCOHOLS) (ISO TANK),Others,
CITRIC ACID MONOHYDRATE,Citric Acid,
CITRIC ACID ANHYDROUS 30-100 MESH (NOT FOR MEDICINAL USE,Citric Acid,
CITRIC ACID MONOHYDRATE 8-40 MESH NOT FOR MEDICINAL USE (INDUSTRIAL APPLICATION ONLY),Citric Acid,
NEODOL 91,Others,
CITRIC ACID ANHYDROUS 12-40 MESH (NOT FOR MEDICINAL USE,Citric Acid,
CITRIC ACID MONOHYDRATE 8-40 MESH (NOT FOR MEDICINAL USE),Citric Acid,
CITRIC ACID - ANY GRADE,Citric Acid,
NEODOL 91 ( 02 ISO TANKS ONLY),Others,
NEODOL 91 (SYNTHETIC ALCOHOLS) (ISO TANK),Others,
PALM STEARIN CISCO -S0020047,Others,
PALMEROL 1214 LAURYL MYRISTYL ALCOHOL /MB (AIFTA NO. KL-2020-AI-21-013845 DT: 31.12.2020),Others,
PALMEROL 1214 LAURYL MYRISTYL ALCOHOL /MB (AIFTA NO. KL-2021-AI-21-002484 DT: 19.02.2021),Others,
PALMEROL 1214 LAURYL MYRISTYL ALCOHOL /MB (AIFTA NO. KL-2021-AI-21-004554 DT: 31.03.2021),Others,
CITRIC ACID ANHYDROUS (NOT FOR MEDICINAL USE,Citric Acid,
PALMEROL 1214 LAURYL MYRISTYL ALCOHOL LI/PO:4962076772/00010INDUSTRIAL FATTY ALCOHOL (LAURYL-MYRISTYL ALCOHOL),Fatty Alcohol,
PALMEROL 1214 LAURYL MYRISTYL ALCOHOL LI/PO:4962076772/00010INDUSTRIAL FATTY ALCOHOL (LAURYL-MYRISTYL ALCOHOL),Fatty Alcohol,
CITRIC ACID ANHYDROUS 12-40 MESH,Citric Acid,
CITRIC ACID ANHYDROUS 12-40 MESH (SAMPLE FOR FSSAI),Citric Acid,
CITRIC ACID MONOHYDRATE (NOT FOR MEDICINAL USE),Citric Acid,
"Citric acid anhydrous powder EMPROVE ESSENTIAL Ph Eur,BP,JP,USP,E 330,FCC 1X25KG (1 PCS) (NOT FOR FOOD PRODUCT)",Citric Acid,
"Citric acid anhydrous powder EMPROVE EXPERT Ph Eur,BP,JP,USP,ACS 33X25KG (33 PCS) (NOT FOR FOOD PRODUCT)",Citric Acid,
"Citric acid monohydrate cryst. EMPROVE ESSENTIAL Ph Eur,BP,ChP,JP,USP,E 330,FCC 1X25KG (1 PCS) (NOT FOR FOOD PRODUCT)",Citric Acid,
"Citric acid monohydrate cryst. EMPROVE ESSENTIAL Ph Eur,BP,ChP,JP,USP,E 330,FCC 1X5KG (1 PCS) (NOT FOR FOOD PRODUCT)",Citric Acid,
"Citric acid monohydrate powder EMPROVE ESSENTIAL Ph Eur,BP,ChP,JP,USP,E 330,FCC 10X25KG (10 PCS) (NOT FOR FOOD PRODUCT)",Citric Acid,
NF CITRIC ACID ANHYDROUS SUPERSACK 17009 CAA FMS ## 17009CAA(NOT FOR MEDICINAL USE),Citric Acid,
CITRIC ACID ANHYDROUS 12-40 MESH,Citric Acid,
CITRIC ACID ANHYDROUS 12-40 MESH (SAMPLE FOR FSSAI),Citric Acid,
CITRIC ACID MONOHYDRATE 8-40 MESH (NOT FOR MEDICINAL USE),Citric Acid,
"36664.36 Citric acid, anhydrous, ACS, 99.5+%",Citric Acid,
CITRIC ACID ANHYDROUS INDUSTRIAL USE (NOT FOR MEDICINAL USE/ NOT FOR FOOD),Citric Acid,
21001919 - CITRIC ACID ANHYDROUS,Citric Acid,
CITRIC ACID MONOHYDRATE,Citric Acid,
CITRIC ACID MONOHYDRATE 8-80 MESH (NOT FOR MEDICINAL USE),Citric Acid,
CITRIC ACID MONOHYDRATE 8-40MESH NOT FOR MEDICINAL USE,Citric Acid,
PALMEROL 1214 LAURYL MYRISTYL ALCOHOL LI/PO:4962076772/00010INDUSTRIAL FATTY ALCOHOL (LAURYL-MYRISTYL ALCOHOL),Fatty Alcohol,
PALMEROL 1214 LAURYL MYRISTYL ALCOHOL/M/PO:4963286986/00010INDUSTRIAL FATTY ALCOHOL-OTHER,Fatty Alcohol,
16102 ANHYDROUS CITRIC ACID (ECO) (CRITIC ACID ) (RAW MATERIAL FOR COSMETICS USE),Citric Acid,
PALMEROL 1214 LAURYL MYRISTYL ALCOHOL/M/PO:4963286986/00010INDUSTRIAL FATTY ALCOHOL-OTHER,Fatty Alcohol,
CITRIC ACID MONOHYDRATE (NOT FOR MEDICINAL USE),Citric Acid,
CITRIC ACID MONOHYDRATE (NOT FOR MEDICINAL USE),Citric Acid,
CITRIC ACID MONOHYDRATE (NOT FOR MEDICINAL USE),Citric Acid,
CITRIC ACID MONOHYDRATE (NOT FOR MEDICINAL USE),Citric Acid,
CITRIC ACID MONOHYDRATE (NOT FOR MEDICINAL USE),Citric Acid,
CITRIC ACID ANHYDROUS [NOT FOR MEDICINAL USE],Citric Acid,
PALMEROL 1214 LAURYL MYRISTYL ALCOHOL/M/PO:4963286986/00010INDUSTRIAL FATTY ALCOHOL-OTHER,Fatty Alcohol,
PALMEROL 1214 LAURYL MYRISTYL ALCOHOL/M/PO:4963286986/00010INDUSTRIAL FATTY ALCOHOL-OTHER,Fatty Alcohol,
PALMEROL 1214 LAURYL MYRISTYL ALCOHOL/M/PO:4963286986/00010INDUSTRIAL FATTY ALCOHOL-OTHER,Fatty Alcohol,
CITRIC ACID ANHYDROUS 12-40 MESH,Citric Acid,
CITRIC ACID ANHYDROUS 12-40 MESH (SAMPLE FOR FSSAI),Citric Acid,
CITRIC ACID ANHYDROUS 12-40 MESH,Citric Acid,
CITRIC ACID ANHYDROUS 12-40 MESH (SAMPLE FOR FSSAI),Citric Acid,
CITRIC ACID MONOHYDRATE 8-40 MESH(NOT FOR MEDICINAL USE),Citric Acid,
PALMEROL 1214 LAURYL MYRISTYL ALCOHOL/M/PO:4963286986/00010INDUSTRIAL FATTY ALCOHOL-OTHER,Fatty Alcohol,
CITRIC ACID ANHYDROUS (NOT FOR MEDICINAL USE),Citric Acid,
PALMEROL 1214 LAURYL MYRISTYL ALCOHOL/M/PO:4963286986/00010INDUSTRIAL FATTY ALCOHOL-OTHER,Fatty Alcohol,
PALMEROL 1214 LAURYL MYRISTYL ALCOHOL/MB (INDUSTRIAL FATTY ALCOHOL-OTHER) FTA NO KL-2021-AI-21-000323,Fatty Alcohol,
CITRIC ACID ANHDROUS (NOT FOR MEDICINAL US),Citric Acid,
PALMEROL 1214 LAURYL MYRISTYL ALCOHOL/MB/PO:4961663214/00010INDUSTRIAL FATTY ALCOHOL-OTHER,Fatty Alcohol,
PALMEROL 1214 LAURYL MYRISTYL ALCOHOL/MB/PO:4961663214/00010INDUSTRIAL FATTY ALCOHOL-OTHER,Fatty Alcohol,
CITRIC ACID ANHYDROUS (Not for Medicinal Use),Citric Acid,
PALMEROL 1214 LAURYL MYRISTYL ALCOHOL/MB/PO:4961663214/00010INDUSTRIAL FATTY ALCOHOL-OTHER,Fatty Alcohol,
CITRIC ACID ANHYDROUS (NOT FOR MEDICINAL USE)12-40 MESH,Citric Acid,
CITRIC ACID ANHYDROUS (NOT FOR MEDICINAL USE)30-100 MESH,Citric Acid,
PALMEROL 1214 LAURYL MYRISTYL ALCOHOL/MB/PO:4961663214/00010INDUSTRIAL FATTY ALCOHOL-OTHER,Fatty Alcohol,
PALMEROL 1214 LAURYL MYRISTYL ALCOHOL/MB/PO:4961663214/00010INDUSTRIAL FATTY ALCOHOL-OTHER,Fatty Alcohol,
PALMEROL 1214 LAURYL MYRISTYL ALCOHOL/MB/PO:4961663214/00010INDUSTRIAL FATTY ALCOHOL-OTHER,Fatty Alcohol,
PALMEROL 1214 LAURYL MYRISTYL ALCOHOL/MB/PO:4961663214/00010INDUSTRIAL FATTY ALCOHOL-OTHER,Fatty Alcohol,
CITRIC ACID MONOHYDRATE 8-40 MESH (UNION BRAND),Citric Acid,
PALMEROL 1214 LAURYL MYRISTYL ALCOHOL/MB/PO:4961663214/00010INDUSTRIAL FATTY ALCOHOL-OTHER,Fatty Alcohol,
PALMEROL 1214 LAURYL MYRISTYL ALCOHOL/MB/PO:4961663214/00020INDUSTRIAL FATTY ALCOHOL-OTHER,Fatty Alcohol,
PALMEROL 1214 LAURYL MYRISTYL ALCOHOL/MB/PO:4961663214/00020INDUSTRIAL FATTY ALCOHOL-OTHER,Fatty Alcohol,
PALMEROL 1214 LAURYL MYRISTYL ALCOHOL/MB/PO:4961663214/00020INDUSTRIAL FATTY ALCOHOL-OTHER,Fatty Alcohol,
PALMEROL 1214 LAURYL MYRISTYL ALCOHOL/MB/PO:4961663214/00020INDUSTRIAL FATTY ALCOHOL-OTHER,Fatty Alcohol,
PALMEROL 1214 LAURYL MYRISTYL ALCOHOL/MB/PO:4963286986/00010INDUSTRIAL FATTY ALCOHOL-OTHER,Fatty Alcohol,
PALMEROL 1214 LAURYL MYRISTYL ALCOHOL/MB/PO:4963286986/00010INDUSTRIAL FATTY ALCOHOL-OTHER,Fatty Alcohol,
CITRIC ACID MONOHYDRATE (NOT FOR MEDICINAL USE,Citric Acid,
CITRIC ACID MONOHYDRATE (NOT FOR MEDICINAL USE),Citric Acid,
"Citric acid anhydrous powder EMPROVE ESSENTIAL Ph Eur,BP,JP,USP,E 330,FCC 1X25KG (1 PCS) (NOT FOR FOOD PRODUCT)",Citric Acid,
"Citric acid anhydrous powder EMPROVE EXPERT Ph Eur,BP,JP,USP,ACS 33X25KG (33 PCS) (NOT FOR FOOD PRODUCT)",Citric Acid,
"Citric acid monohydrate cryst. EMPROVE ESSENTIAL Ph Eur,BP,ChP,JP,USP,E 330,FCC 1X25KG (1 PCS) (NOT FOR FOOD PRODUCT)",Citric Acid,
"Citric acid monohydrate cryst. EMPROVE ESSENTIAL Ph Eur,BP,ChP,JP,USP,E 330,FCC 1X5KG (1 PCS) (NOT FOR FOOD PRODUCT)",Citric Acid,
"Citric acid monohydrate powder EMPROVE ESSENTIAL Ph Eur,BP,ChP,JP,USP,E 330,FCC 10X25KG (10 PCS) (NOT FOR FOOD PRODUCT)",Citric Acid,
CITRIC ACID MONOHYDRATE,Citric Acid,
PALMEROL 1214 LAURYL MYRISTYL ALCOHOL/MB/PO:4963286986/00010INDUSTRIAL FATTY ALCOHOL-OTHER,Fatty Alcohol,
PALMEROL 1214 LAURYL MYRISTYL ALCOHOL/MB/PO:4963286986/00010INDUSTRIAL FATTY ALCOHOL-OTHER,Fatty Alcohol,
CITRIC ACID MONOHYDRATE (NOT FOR MEDICINAL USE,Citric Acid,
CITRIC ACID ANHYDROUS 12-40 MESH,Citric Acid,
CITRIC ACID ANHYDROUS 12-40 MESH (SAMPLE FOR FSSAI),Citric Acid,
PALMEROL 1214 LAURYL MYRISTYL ALCOHOL/MB/PO:4963286986/00010INDUSTRIAL FATTY ALCOHOL-OTHER,Fatty Alcohol,
PALMEROL 1214 LAURYL MYRISTYL ALCOHOL/MB/PO:4963286986/00010INDUSTRIAL FATTY ALCOHOL-OTHER,Fatty Alcohol,
CITRIC ACID ANHYDROUS E330-30-100MESH,Citric Acid,
PALMEROL 1214 LAURYL-MYRISTYL ALCOHOL LIQUID,Others,
"PALMEROL 1214 LAURYL-MYRISTYL ALCOHOL, LIQUID (BATCH NO: 1A0051A) ASEAN FTA CO:MALAYSIA",Others,
CITRIC ACID ANHYDROUS 12-40 MESH (NOT FOR MEDICINAL USE INDUSTRIAL APPLICATION ONLY NOT FOR FOOD INDUSTRIES),Citric Acid,
"PALMEROL 1214 LAURYL-MYRISTYL ALCOHOL, LIQUID (CO CERTIFICATE NO. KL-2021-AI-21-003684 DT. 15/03/2021)",Others,
CITRIC ACID ANHYDROUS FINE GRANULAR 30-80MESH (4 BAGS),Citric Acid,
"Citric acid anhydrous powder EMPROVE ESSENTIAL Ph Eur,BP,JP,USP,E 330,FCC 13X25KG (13 PCS) (NOT FOR FOOD PRODUCT)",Citric Acid,
PALMEROL 1214 LAURYL-MYRISTYL ALCOHOL/MB [MATERIAL CODE:67095781] [ASEAN-INDIA FTA CERTIFICATE NO.KL-2021-AI-21-000441 D,Others,
CITRIC ACID MONOHYDRATE 8-40 MESH (NOT FOR MEDICINAL USE),Citric Acid,
CITRIC ACID ANHYDROUS 30-100MESH (NOT FOR MEDICINAL USE),Citric Acid,
16102 ANHYDROUS CITRIC ACID (ECO) (CRITIC ACID ) (RAW MATERIAL FOR COSMETICS USE),Citric Acid,
16102 ANHYDROUS CITRIC ACID (ECO) (CRITIC ACID ) (RAW MATERIAL FOR COSMETICS USE),Citric Acid,
PALMEROL 1214 LAURYL-MYRISTYL ALCOHOL/MB [MATERIAL CODE:67095781] [ASEAN-INDIA FTA CERTIFICATE NO.KL-2021-AI-21-000585 D,Others,
CITRIC ACID MONOHYDRATE (NOT FOR MEDICINAL USE),Citric Acid,
CITRIC ACID MONOHYDRATE (NOT FOR MEDICINAL USE),Citric Acid,
PALMEROL 1214 LAURYL-MYRISTYL ALCOHOL/MB [MATERIAL CODE:67095781] 05 FLEXI TANKS [ASEAN-INDIA FTA CERTIFICATE NO.KL-2021,Others,
CITRIC ACID MONOHYDRATE 8-40MESH (NOT FOR MEDICINAL USE),Citric Acid,
PALMEROL 1214 LAURYL-MYRISTYL ALCOHOL/MB [MATERIAL CODE:67095781] 05 FLEXI TANKS [ASEAN-INDIA FTA CERTIFICATE NO.KL-2021,Others,
PALMEROL 1214 LAURYL-MYRISTYL ALCOHOL/MB [MATERIAL CODE:67095781] 07 FLEXI TANKS [ASEAN-INDIA FTA CERTIFICATE NO.KL-2021,Others,
PALMEROL 1214 LAURYL-MYRISTYL ALCOHOL/MB [MATERIAL CODE:67095781] 08 FLEXI TANKS [ASEAN-INDIA FTA CERTIFICATE NO.KL-2021,Others,
PALMEROL 1214 LAURYL-MYRISTYL ALCOHOL/MB [MATERIAL CODE:67095781] 10 FLEXI TANKS [ASEAN-INDIA FTA CERTIFICATE NO.KL-2021,Others,
CITRIC ACID ANHYDROUS (NOT FOR MEDICINAL USE),Citric Acid,
CITRIC ACID MONOHYDRATE (NOT FOR MEDICINAL USE),Citric Acid,
CITRIC ACID ANHYDROUS 30-100 MESH NOT FOR MEDICINAL USE BATCH NO.2AX2102038/2AX2103003-DUALUSE/NOC/2021/22172/13.4.21,Citric Acid,
CITRIC ACID MONOHYDRATE 8-16 MESH NOT FOR MEDICINAL USE BATCH NO.2MD2103032/2MD2103018-DUALUSE/NOC/2021/22172/13.4.21,Citric Acid,
CITRIC ACID MONOHYDRATE 8-40 MESH NOT FOR MEDICINAL USE BATCH NO.3MT2102206-CDSCO NOC NO.DUALUSE/NOC/2021/22172/13.4.21,Citric Acid,
PALMEROL 1214 LAURYL-MYRISTYL ALCOHOL/MB/PO:4962560712/00010INDUSTRIAL FATTY ALCOHOL-OTHER,Fatty Alcohol,
CITRIC ACID ANHYDROUS (FINE GRANULAR) (NOT FOR MEDICINAL USE),Citric Acid,
PALMEROL 1214 LAURYL-MYRISTYL ALCOHOL/MB/PO:4962560712/00010INDUSTRIAL FATTY ALCOHOL-OTHER,Fatty Alcohol,
PALMEROL 1214 LAURYL-MYRISTYL ALCOHOL/MB/PO:4962560712/00010INDUSTRIAL FATTY ALCOHOL-OTHER,Fatty Alcohol,
PALMEROL 1214 LAURYL-MYRISTYL ALCOHOL/MB/PO:4962560712/00010INDUSTRIAL FATTY ALCOHOL-OTHER,Fatty Alcohol,
PALMEROL 1214 LAURYL-MYRISTYL ALCOHOL/MB/PO:4962560712/00010INDUSTRIAL FATTY ALCOHOL-OTHER,Fatty Alcohol,
PALMEROL 1214 LAURYL-MYRISTYL ALCOHOL/MB/PO:4962560712/00010INDUSTRIAL FATTY ALCOHOL-OTHER,Fatty Alcohol,
PALMEROL 1214 LAURYL-MYRISTYL ALCOHOL/MB/PO:4962560712/00010INDUSTRIAL FATTY ALCOHOL-OTHER,Fatty Alcohol,
PALMEROL 1214 LAURYL-MYRISTYL ALCOHOL/MB/PO:4962560712/00020INDUSTRIAL FATTY ALCOHOL-OTHER,Fatty Alcohol,
CITRIC ACID ANHYDROUS 30-100 MESH (NOT FOR MEDICINAL USE),Citric Acid,
PALMEROL 1214 LAURYL-MYRISTYL ALCOHOL/MB/PO:4962560712/00020INDUSTRIAL FATTY ALCOHOL-OTHER,Fatty Alcohol,
CITRIC ACID ANHYDROUS - NOT FOR MEDICINAL USE,Citric Acid,
PALMEROL 1214 LAURYL-MYRISTYL ALCOHOL/MB/PO:4962560712/00020INDUSTRIAL FATTY ALCOHOL-OTHER,Fatty Alcohol,
PALMEROL 1214 LAURYL-MYRISTYL ALCOHOL/MB/PO:4962560712/00020INDUSTRIAL FATTY ALCOHOL-OTHER,Fatty Alcohol,
PALMEROL 1214 LAURYL-MYRISTYL ALCOHOL/MB/PO:4962560712/00020INDUSTRIAL FATTY ALCOHOL-OTHER,Fatty Alcohol,
CITRIC ACID MONOHYDRATE (80-40 MESH) (NOT FOR MEDICAL USE & NOT FOR FOOD USE),Citric Acid,
CITRIC ACID MONOHYDRATE (NOT FOR MEDICINAL USE),Citric Acid,
Citric Acid Anhydrous Granular 12-40MESH 10045960 (QTY 40 MTS),Citric Acid,
PALMEROL 1214 LAURYL-MYRISTYL ALCOHOL/MB/PO:4962560712/00020INDUSTRIAL FATTY ALCOHOL-OTHER,Fatty Alcohol,
PALMEROL 1214 LAURYL-MYRISTYL ALCOHOL/MB/PO:4964081710/00010INDUSTRIAL FATTY ALCOHOL-OTHER,Fatty Alcohol,
PALMEROL 1214 LAURYL-MYRISTYL ALCOHOL/MB/PO:4964081710/00010INDUSTRIAL FATTY ALCOHOL-OTHER,Fatty Alcohol,
1211975 GRINDSTED PROTEX TR 100 SG ENCAPSULATED SYSTEM (FOODGRADE CITRIC ACID) (NOT FOR MEDICINAL USE),Citric Acid,
PALMEROL 1214 LAURYL-MYRISTYL ALCOHOL/MB/PO:4964081710/00010INDUSTRIAL FATTY ALCOHOL-OTHER,Fatty Alcohol,
PALMEROL 1214 LAURYL-MYRISTYL ALCOHOL/MB/PO:4964081710/00010INDUSTRIAL FATTY ALCOHOL-OTHER,Fatty Alcohol,
PALMEROL 1214 LAURYL-MYRISTYL ALCOHOL/MB/PO:4964081710/00010INDUSTRIAL FATTY ALCOHOL-OTHER,Fatty Alcohol,
PALMEROL 1214 LAURYL-MYRISTYL ALCOHOL/MB/PO:4964081710/00010INDUSTRIAL FATTY ALCOHOL-OTHER,Fatty Alcohol,
PALMEROL 6830 CETO STEARYL ALCOHOL,Others,
PRISORINE 3515-LQ-(GD)(ISO STEARIC ACID)(SAMPLE)(N.C.V),Others,
CITRIC ACID ANHYDROUS,Citric Acid,
PRISORINE 3515-LQ-(GD)(ISO STEARIC ACID)(SAMPLE)(N.C.V),Others,
PROMULGEN (TM) G NONIONIC EMULSIFIER BOX,Others,
PROMULGEN (TM) G NONIONIC EMULSIFIER BOX,Others,
PROMULGEN (TM) G NONIONIC EMULSIFIER BOX,Others,
"PROMULGEN (TM) G NONIONIC EMULSIFIER, BOX",Others,
R-2479.61 HOF (A PROPRIETARY BLEND OF HEAVY OXO FRACTION) INDUSTRIAL CHEM(NON-FOOD AND NON-MEDICINE USE).,Others,
R-2479.61 HOF (HEAVY OXO FRACTION) A PROPRIETARY BLEND OF HEAVY OXO FRACTION) (NON-FOOD & NON-MEDICINE USE),Others,
R-2479.61 HOF (HEAVY OXO FRACTION) A PROPRIETARY BLEND OF HEAVY OXO FRACTION) (NON-FOOD & NON-MEDICINE USE),Others,
ROFANOL 50/55V (CETYL OLEYL ALCOHOL) (INDUSTRIAL FATTY ALCOHOL),Fatty Alcohol,
CITRIC ACID ANHYDROUS 30-100MESH NOT FOR MEDICINAL USE,Citric Acid,
CITRIC ACID MONOHYDRATE 8-16MESH NOT FOR MEDICINAL USE,Citric Acid,
ROFANOL 80/85V (CETYL OLEYL ALCOHOL) (INDUSTRIAL FATTY ALCOHOL),Fatty Alcohol,
SP CRODACOL CS90 MBAL-PA-(RB) (CETEARYL ALCOHOL),Others,
CITRIC ACID MONOHYDRATE (NOT FOR MEDICINAL USE),Citric Acid,
CITRIC ACID,Citric Acid,
SP CRODACOL CS90 MBAL-PA-(RB) (CETEARYL ALCOHOL),Others,
SP CRODACOL CS90 MBAL-PA-(RB) (CETEARYL ALCOHOL),Others,
SP CRODACOL CS90 MBAL-PA-(RB) (CETEARYL ALCOHOL),Others,
SP CRODACOL CS90 MBAL-PA-(RB) (CETEARYL ALCOHOL),Others,
SP CRODACOL CS90 MBAL-PA-(RB) (CETEARYL ALCOHOL)(SAMPLE)(N.C.V),Others,
SP CRODACOL CS90 MBAL-PA-(RB) (CETEARYL ALCOHOL)(SAMPLE)(N.C.V),Others,
SP CRODACOL CS90 MBAL-PA-(RB) (CETEARYL ALCOHOL)(SAMPLE)(N.C.V),Others,
SP CRODACOL CS90 MBAL-PA-(RB) (CETEARYL ALCOHOL)(SAMPLE)(N.C.V),Others,
CITRIC ACID MONOHYDRATE FOOD GRADE MESH 8-40 (NOT FOR MEDICINAL USE),Citric Acid,
SYNATIVE AL S/PO:4962554696/00010INDUSTRIAL METAL WORKING FLUID,Others,
CITRIC ACID ANHYDROUS (LOT NO. 10200854),Citric Acid,
CITRIC ACID ANHYDROUS (LOT NO. 10300721),Citric Acid,
CITRIC ACID ANHYDROUS (LOT NO. 10300882),Citric Acid,
THAIOL 1214 - LAURYL ALCOHOL (C1214) (A.I.F.T.A. CERT NOAI2021-0015226 DT24/03/2021),Others,
CITRIC ACID ANHYDROUS (Not for Medicinal Use),Citric Acid,
CITRIC ACID ANHYDROUS - NON MEDICINAL USE ONLY,Citric Acid,
THAIOL 1214 - LAURYL ALCOHOL (C1214) (A.I.F.T.A.CERTIFICATENOAI2021-0015231 DT24/03/2021),Others,
THAIOL 1214 (LAURYL ALCOHOL) (FATTY ALCOHOL C12-14) (TANK CONTAINER),Fatty Alcohol,
CITRIC ACID ANHYDROUS (Not for Medicinal Use),Citric Acid,
CITRIC ACID ANHYDROUS - NOT FOR MEDICINAL USE,Citric Acid,
CITRIC ACID MONOHYDRATE 8-40MESH NOT FOR MEDICINAL USE,Citric Acid,
THAIOL 1214 (LAURYL ALCOHOL) (FATTY ALCOHOL C12-14) (TANK CONTAINER),Fatty Alcohol,
SAMPLE - SILVIAL TOCO (FOR TESTING PURPOSE ONLY),Others,
SAMPLE - SILVIAL TOCO (FOR TESTING PURPOSE ONLY),Others,
CITRIC ACID MONOHYDRATE (NOT FOR MEDICINAL USE) (2000 BAGS),Citric Acid,
CITRIC ACID - ANY GRADE,Citric Acid,
THAIOL 1214 (LAURYL ALCOHOL) (FATTY ALCOHOL C12-14) (TANK CONTAINER),Fatty Alcohol,
THAIOL 1214 LAURYL ALCOHOL(C1214),Others,
CITRIC ACID MONOHYDRATE (NOT FOR MEDICINAL USE),Citric Acid,
THAIOL 1214 LAURYL ALCOHOL(C1214)(FLEXIBAG),Others,
THAIOL 1214 LAURYL ALCOHOL(C1214)(FLEXIBAG),Others,
T3495 CR300 CITRIC ACID 80% T3495,Citric Acid,
THAIOL 1618 CETO STEARYL ALCOHOL (C1618),Others,
UNSATURATED FATTY ALCOHOL ROFANOL 50/55V ( CETYL OLEYL ALCOHOL ),Fatty Alcohol,
UNSATURATED FATTY ALCOHOL ROFANOL 50/55V ( CETYL OLEYL ALCOHOL ),Fatty Alcohol,
CITRIC ACID ANHYDROUS CAA F6000,Citric Acid,
CITRIC ACID ANHYDRATE (NOT FOR MEDUCINAL USE),Citric Acid,
CITRIC ACID ANHYDRATE (NOT FOR MEDICINAL USE),Citric Acid,
UNSATURATED FATTY ALCOHOL ROFANOL 50/55V ( CETYL OLEYL ALCOHOL ),Fatty Alcohol,
UNSATURATED FATTY ALCOHOL ROFANOL 50/55V ( CETYL OLEYL ALCOHOL ),Fatty Alcohol,
UNSATURATED FATTY ALCOHOL ROFANOL 50/55V ( CETYL OLEYL ALCOHOL ),Fatty Alcohol,
UNSATURATED FATTY ALCOHOL ROFANOL 50/55V ( CETYL OLEYL ALCOHOL ) ( ISO TANK),Fatty Alcohol,
UNSATURATED FATTY ALCOHOL ROFANOL 50/55V (CETYL OLEYL ALCOHOL),Fatty Alcohol,
CITRIC ACID ANHYDROUS 12-40 MESH,Citric Acid,
CITRIC ACID ANHYDROUS 12-40 MESH (SAMPLE FOR FSSAI),Citric Acid,
CITRIC ACID ANHYDROUS 12-40 MESH,Citric Acid,
CITRIC ACID ANHYDROUS 12-40 MESH (SAMPLE FOR FSSAI),Citric Acid,
CITRIC ACID ANHYDROUS 12-40 MESH,Citric Acid,
CITRIC ACID ANHYDROUS 12-40 MESH (SAMPLE FOR FSSAI),Citric Acid,
CITRIC ACID ANHYDROUS 12-40 MESH,Citric Acid,
CITRIC ACID ANHYDROUS 12-40 MESH (SAMPLE FOR FSSAI),Citric Acid,
UNSATURATED FATTY ALCOHOL ROFANOL 50/55V (CETYL OLEYL ALCOHOL),Fatty Alcohol,
UNSATURATED FATTY ALCOHOL ROFANOL 50/55V (CETYL OLEYL ALCOHOL) (AIFTA NO: 0000058/BTM/2021 DT: 04.01.2021),Fatty Alcohol,
UNSATURATED FATTY ALCOHOL ROFANOL 50/55V (CETYL OLEYL ALCOHOL) (AIFTA NO: 0003936/BTM/2021 DT: 06.04.2021),Fatty Alcohol,
UNSATURATED FATTY ALCOHOL ROFANOL 50/55V (CETYL OLEYL ALCOHOL) RSPO MB (CETYL OLEYL ALCOHOL),Fatty Alcohol,
CITRIC ACID ANHYDROUS (NOT FOR MEDICINAL USE),Citric Acid,
UNSATURATED FATTY ALCOHOL ROFANOL 50/55V (CETYL OLEYL ALCOHOL) RSPO MB (CETYL OLEYL ALCOHOL),Fatty Alcohol,
CITRIC ACID MONOHYDRATE 8-40 MESH NOT FOR MEDICINAL USE (INDUSTRIAL APPLICATION ONLY),Citric Acid,
UNSATURATED FATTY ALCOHOL ROFANOL 50/55V (CETYL OLEYL ALCOHOL) RSPO MB (CETYL OLEYL ALCOHOL),Fatty Alcohol,
CITRIC ACID MONOHYDRATE (NOT FOR MEDICINAL USE),Citric Acid,
UNSATURATED FATTY ALCOHOL ROFANOL 70/75V (CETYL OLEYL ALCOHOL),Fatty Alcohol,
UNSATURATED FATTY ALCOHOL ROFANOL 80/85V ( CETYL OLEYL ALCOHOL ),Fatty Alcohol,
UNSATURATED FATTY ALCOHOL ROFANOL 80/85V ( CETYL OLEYL ALCOHOL ),Fatty Alcohol,
UNSATURATED FATTY ALCOHOL ROFANOL 80/85V ( CETYL OLEYL ALCOHOL ),Fatty Alcohol,
CITRIC ACID ANHYDROUS CAA F4020 (PHARMACEUTICAL AID ONLY),Citric Acid,
CITRIC ACID ANHYDROUS CAA F6040 (PHARMACEUTICAL AID ONLY),Citric Acid,
UNSATURATED FATTY ALCOHOL ROFANOL 80/85V (CETYL OLEYL ALCOHOL),Fatty Alcohol,
CITRIC ACID MONOHYDRATE (NOT FOR MEDICINAL USE),Citric Acid,
UNSATURATED FATTY ALCOHOL ROFANOL 80/85V (CETYL OLEYL ALCOHOL) (AIFTA NO: 0001864/BTM/2021 DT: 18.02.2021),Fatty Alcohol,
UNSATURATED FATTY ALCOHOL ROFANOL 80/85V (CETYL OLEYL ALCOHOL) (AIFTA NO: 0002160/BTM/2021 DT: 24.02.2021),Fatty Alcohol,
UNSATURATED FATTY ALCOHOL ROFANOL 80/85V (CETYL OLEYL ALCOHOL) (AIFTA NO: 0003541/BTM/2021 DT: 26.03.2021),Fatty Alcohol,
UNSATURATED FATTY ALCOHOL ROFANOL 80/85V (CETYL OLEYL ALCOHOL) (AIFTA NO: 0016254/BTM/2020 DT: 30.12.2020),Fatty Alcohol,
CITRIC ACID,Citric Acid,
"1.00241.5000 Citric acid anhydrous powder EMPROVE ESSENTIAL Ph Eur,BP,JP,USP,E 330,FCC 20X5KG (20 PCS) (PHARMA GRADE)",Citric Acid,
UNSATURATED FATTY ALCOHOL ROFANOL 80/85V (CETYL OLEYL ALCOHOL) RSPO MB (CETYL OLEYL ALCOHOL),Fatty Alcohol,
UNSATURATED FATTY ALCOHOL ROFANOL 80/85V (CETYL OLEYL ALCOHOL) RSPO MB (CETYL OLEYL ALCOHOL),Fatty Alcohol,
UNSATURATED FATTY ALCOHOL ROFANOL 80/85V (CETYL OLEYL ALCOHOL) RSPO MB (CETYL OLEYL ALCOHOL),Fatty Alcohol,
ZEOMOLS-WA70 264(PARTS FOR BRAKE LINING PADS),Others,